5285210	Verona	Verona		37.62688	-121.88135	P	PPL	US		CA	001			0	96	93	America/Los_Angeles	2010-02-19
5322432	Adobe Corner	Adobe Corner		37.42605	-122.26636	P	PPL	US		CA	081			0	118	123	America/Los_Angeles	2006-01-15
5322737	Alameda	Alameda	Alameda,Alamida,Alaminta,a la mi da,aelleomida,alamda  kalyfrnya,alameda,alamyda,arameda,Αλαμήντα,Аламеда,Аламида,آلامدا، کالیفرنیا,ألاميدا,अलामेदा,アラメダ,阿拉米達,앨러미다	37.76521	-122.24164	P	PPL	US		CA	001			78630	10	12	America/Los_Angeles	2017-03-09
5322850	Albany	Albany	Albany,O'Shean's View,Ocean View,Olbani,albany,albany  kalyfrnya,albany  kylyfwrnya,ao bai ni,elbani,olbeoni,Олбани,Олбані,آلبانی، کالیفرنیا,ألباني,البانی، کیلیفورنیا,एल्बानी,奧柏尼,올버니	37.88687	-122.29775	P	PPL	US		CA	001			19735	13	13	America/Los_Angeles	2017-03-09
5322894	Albrae	Albrae	Albrae,Albrae Station	37.49549	-121.98941	P	PPLX	US		CA	001			0	3	0	America/Los_Angeles	2018-04-18
5323564	Altamont	Altamont	Altamont,The Summit	37.74382	-121.66273	P	PPL	US		CA	001			0	225	228	America/Los_Angeles	2006-01-15
5323644	Amanico Ergina Village	Amanico Ergina Village		37.78243	-122.43664	P	PPLX	US		CA	075			0	41	44	America/Los_Angeles	2007-02-14
5323968	Andry Mobile Home Park	Andry Mobile Home Park		37.68271	-122.39775	P	PPLX	US		CA	081			0	59	59	America/Los_Angeles	2007-02-14
5324942	Asco	Asco		37.68299	-121.87273	P	PPL	US		CA	001			0	107	106	America/Los_Angeles	2006-01-15
5325011	Ashland	Ashland	Ashland,San Leandro South	37.69465	-122.11385	P	PPL	US		CA	001			21925	14	11	America/Los_Angeles	2011-05-14
5325147	Atherton	Atherton	Adurtun,Aterton,Atherton,Fair Oaks,a se dun,atharatana,athrtwn,atrtwn  kalyfrnya,Адъртън,Атертон,آترتون، کالیفرنیا,آتھرتن، کیلیفورنیا,أثرتون,आथरटन,阿瑟顿	37.46133	-122.19774	P	PPL	US		CA	081			7167	18	19	America/Los_Angeles	2017-03-09
5326526	Baumberg	Baumberg	Arff Station,Baumberg,Baumberg Station	37.62077	-122.10024	P	PPLX	US		CA	001			0	4	3	America/Los_Angeles	2018-04-18
5326621	South Beach	South Beach		37.78298	-122.38969	P	PPLX	US		CA	075			0	4	7	America/Los_Angeles	2011-05-27
5326626	Bayview District	Bayview District		37.7341	-122.39136	P	PPLX	US		CA	075			0	22	23	America/Los_Angeles	2006-07-14
5326645	Bayshore	Bayshore	Bay Shore,Bayshore	37.70632	-122.4133	P	PPLX	US		CA	081			0	14	10	America/Los_Angeles	2006-07-12
5327393	Belle Haven	Belle Haven		37.47639	-122.15861	P	PPLX	US		CA	081			0	4	3	America/Los_Angeles	2018-04-18
5327397	Belle Monte	Belle Monte		37.5191	-122.29691	P	PPL	US		CA	081			0	73	79	America/Los_Angeles	2006-01-15
5327442	Bellvale	Bellvale		37.31189	-122.32108	P	PPL	US		CA	081			0	67	72	America/Los_Angeles	2006-01-15
5327455	Belmont	Belmont	Belmont,Portezuelo de las Pulgas,bei er meng te,belamonta,blmwnt  kalyfrnya,bylmwnt,Белмонт,بلمونت، کالیفرنیا,بيلمونت,बेलमोन्ट,贝尔蒙特	37.52021	-122.2758	P	PPL	US		CA	081			27218	13	10	America/Los_Angeles	2017-03-09
5327684	Berkeley	Berkeley	Berkeleia,Berkeley,Berkli,Berklis,Burkli,Bērkli,Gorad Berkli,JBK,bakure,bakuri,barkali,barkeli,barkli,beokeulli,bo ke li,brkly  kalyfrnya,brqly,byrkyly,Беркли,Берклі,Бъркли,Горад Берклі,ברקלי,برکلی، کالیفرنیا,برکلے,بيركيلي,बर्कली,बर्केली,बर्क्ली,ბერკლი,バークリー,バークレー,伯克利,버클리	37.87159	-122.27275	P	PPL	US		CA	001			120972	52	55	America/Los_Angeles	2017-03-09
5330786	Brightside	Brightside	Brightside,Brightside Station	37.5991	-121.9244	P	PPL	US		CA	001			0	62	63	America/Los_Angeles	2006-01-15
5330810	Brisbane	Brisbane	Brisbane,Brisben,Brizbejn,Visitacion City,brisabena,brysbany,brysbyn  kalyfrnya,bu li si ban,Бризбейн,Бризбејн,Брисбен,بريسباني,بریسبین، کالیفرنیا,ब्रिसबेन,布里斯班	37.68077	-122.39997	P	PPL	US		CA	081			4717	33	38	America/Los_Angeles	2017-03-09
5330854	Broadmoor	Broadmoor		37.6866	-122.48275	P	PPL	US		CA	081			4176	106	111	America/Los_Angeles	2011-05-14
5330857	Broadmoor Village	Broadmoor Village	Broadmoor,Broadmoor Village	37.68993	-122.48108	P	PPL	US		CA	081			0	53	53	America/Los_Angeles	2006-01-15
5330943	Brookfield Village	Brookfield Village		37.73521	-122.18608	P	PPLX	US		CA	001			0	6	5	America/Los_Angeles	2007-02-14
5330975	Brookshire	Brookshire		37.75909	-122.02829	P	PPL	US		CA	001			0	177	171	America/Los_Angeles	2006-01-15
5331920	Burlingame	Burlingame	Berlingejm,Berlingem,Burlingejm,barlingema,beolling-geim,bo ling ge mu,brlyngym  kalyfrnya,bwrlynghamy,Берлингем,Берлингејм,Бурлінгейм,Бърлингейм,برلینگیم، کالیفرنیا,بورلينغامي,बर्लिङ्गेम,伯灵格姆,벌링게임	37.5841	-122.36608	P	PPL	US		CA	081			30459	12	12	America/Los_Angeles	2017-03-09
5332146	Butano Park	Butano Park		37.23328	-122.32719	P	PPL	US		CA	081			0	91	133	America/Los_Angeles	2006-01-15
5333733	Campbell Village	Campbell Village		37.80826	-122.29886	P	PPLX	US		CA	001			0	5	6	America/Los_Angeles	2007-02-14
5333937	Canyon	Canyon	Canyon,Sequoya	37.83067	-122.16599	P	PPL	US		CA	001			0	348	219	America/Los_Angeles	2016-04-25
5334410	Carpenter	Carpenter		37.61327	-122.04441	P	PPLX	US		CA	001			0	11	7	America/Los_Angeles	2018-04-18
5334928	Castro Valley	Castro Valley	Castro Valley,Kastro Vali,kaeseuteulobaelli,kyastro bhyali,Кастро Вали,क्यास्ट्रो भ्याली,캐스트로밸리	37.6941	-122.08635	P	PPL	US		CA	001			61388	50	49	America/Los_Angeles	2011-05-14
5335412	Centerville District	Centerville District		37.5541	-121.99913	P	PPLX	US		CA	001			0	16	18	America/Los_Angeles	2018-04-18
5336190	Cherryland	Cherryland		37.67938	-122.1033	P	PPL	US		CA	001			14728	20	18	America/Los_Angeles	2011-05-14
5336475	Chinatown	Chinatown		37.79993	-122.27025	P	PPLX	US		CA	001			0	12	13	America/Los_Angeles	2006-07-12
5336477	Chinatown	Chinatown		37.7966	-122.40858	P	PPLX	US		CA	075			100574	29	33	America/Los_Angeles	2017-12-06
5338029	Clinton (historical)	Clinton (historical)		37.79632	-122.25136	P	PPLQ	US		CA	001			0	12	10	America/Los_Angeles	2011-12-12
5338703	Colma	Colma	Colma,Kolma,School House Station,Sutter's Fort,Sutter's Mill,ke er ma,kolma,kwlma,kwlma  kalyfrnya,Колма,كولما,کولما، کالیفرنیا,कोल्मा,科尔马	37.67688	-122.45969	P	PPL	US		CA	081			1520	37	36	America/Los_Angeles	2017-03-09
5340468	Cragmont	Cragmont		37.8952	-122.26497	P	PPLX	US		CA	001			0	230	230	America/Los_Angeles	2007-02-14
5341183	Curtner	Curtner		37.46966	-121.92357	P	PPLX	US		CA	001			0	9	8	America/Los_Angeles	2018-04-18
5341430	Daly City	Daly City	Daly City,Dalyurbo,Dejli Siti,Dejli-Siti,Lungsod ng Daly,Thanh pho Daly,Thành phố Daly,dai li cheng,daly syty,deillisiti,deirishiti,deli siti,dyly syty  kalyfrnya,Дейли Сити,Дейли-Сити,Дејли Сити,دالي سيتي,دیلی سیتی، کالیفرنیا,ڈالی سٹی,ڈالی سٹی، کیلیفورنیا,डेली सिटी,デイリーシティ,戴利城,데일리시티	37.70577	-122.46192	P	PPL	US		CA	081			106562	124	123	America/Los_Angeles	2017-03-09
5342038	Dearborn Park	Dearborn Park		37.25883	-122.31803	P	PPL	US		CA	081			0	60	92	America/Los_Angeles	2006-01-15
5342947	Devonshire	Devonshire		37.50133	-122.28386	P	PPL	US		CA	081			0	124	120	America/Los_Angeles	2006-01-15
5343013	Diamond Heights Village	Diamond Heights Village		37.74576	-122.44164	P	PPLX	US		CA	075			0	200	191	America/Los_Angeles	2010-02-19
5343409	Doelger City	Doelger City		37.75743	-122.49164	P	PPLX	US		CA	075			0	85	86	America/Los_Angeles	2007-02-14
5343796	Dougherty	Dougherty		37.71104	-121.90968	P	PPL	US		CA	001			0	106	104	America/Los_Angeles	2006-01-15
5343945	Dresser	Dresser	Alston,Dresser,Dresser Siding,Merienda	37.59243	-121.95579	P	PPLX	US		CA	001			0	31	37	America/Los_Angeles	2018-04-18
5343950	Drawbridge (historical)	Drawbridge (historical)	Drawbridge (historical),Saline City	37.46633	-121.97496	P	PPLQ	US		CA	001			0	3	-1	America/Los_Angeles	2011-12-12
5344157	Dublin	Dublin	Amador,Dablin,Dougherty's Station,Dublin,dablina,deobeullin,dou bo lin,dwblyn,dwblyn  kalyfrnya,Даблин,Дублин,Дублін,Дъблин,دوبلين,دوبلین، کالیفرنیا,ڈبلن، کیلیفورنیا,डब्लिन,都伯林,더블린	37.70215	-121.93579	P	PPL	US		CA	001			57721	112	108	America/Los_Angeles	2017-03-09
5345032	East Palo Alto	East Palo Alto	Aslagang Palo Alto,East Palo Alto,Ist Palo Alto,Ist-Palo-Al'to,Iztochen Palo Alto,Ravenswood,Silangang Palo Alto,aast balw altw,ayst palw altw  kalyfrnya,dong pa luo ao tu,ista palo alto,Іст-Пало-Альто,Източен Пало Алто,Ист Пало Алто,إاست بالو ألتو,ایست پالو آلتو، کالیفرنیا,مشرقی پالو آلٹو، کیلیفورنیا,इस्ट पालो अल्टो,东帕罗奥图	37.46883	-122.14108	P	PPL	US		CA	081			29662	6	3	America/Los_Angeles	2017-03-09
5345044	East Pleasanton	East Pleasanton	East Pleasanton,East Pleasanton Siding	37.67354	-121.82996	P	PPL	US		CA	001			0	118	115	America/Los_Angeles	2006-01-15
5345162	Eastmont	Eastmont		37.7691	-122.17219	P	PPLX	US		CA	001			0	29	25	America/Los_Angeles	2007-02-14
5345262	Eberly	Eberly	Eberly,Eberly Station	37.57244	-121.99329	P	PPLX	US		CA	001			0	14	17	America/Los_Angeles	2018-04-18
5345366	Edgemar	Edgemar		37.65382	-122.49081	P	PPLX	US		CA	081			0	39	43	America/Los_Angeles	2018-04-18
5345716	El Granada	El Granada		37.50272	-122.46942	P	PPL	US		CA	081			5467	12	10	America/Los_Angeles	2011-05-14
5345718	El Granada Mobile Home Park	El Granada Mobile Home Park		37.50855	-122.49942	P	PPL	US		CA	081			0	9	7	America/Los_Angeles	2006-01-15
5345997	Eldton	Eldton		37.72604	-122.44942	P	PPLX	US		CA	075			0	91	87	America/Los_Angeles	2006-07-12
5346222	Elliot (historical)	Elliot (historical)	Eliot Siding,Elliot (historical)	37.67271	-121.83884	P	PPLQ	US		CA	001			0	113	110	America/Los_Angeles	2011-12-12
5346296	Elmhurst	Elmhurst		37.75187	-122.17191	P	PPLX	US		CA	001			0	12	11	America/Los_Angeles	2007-02-14
5346410	Emerald Lake	Emerald Lake		37.4666	-122.26302	P	PPL	US		CA	081			0	84	93	America/Los_Angeles	2010-02-19
5346413	Emerald Lake Hills	Emerald Lake Hills		37.46466	-122.26802	P	PPL	US		CA	081			4278	159	158	America/Los_Angeles	2011-05-14
5346462	Emeryville	Emeryville	Ehmerivill,Emerivil,Emerivill,Emerivill',Emeryville,Golden Gate Village,JEM,ai mo li wei er,amry wyl  kalyfrnya,amyryfyly,emeolibil,emeribhila,emeribiru,Емеривил,Емерівілль,Эмеривилл,إميريفيلي,امری ویل، کالیفرنیا,एमेरीभिल,エメリービル,愛莫利維爾,에머리빌	37.83132	-122.28525	P	PPL	US		CA	001			11694	7	10	America/Los_Angeles	2017-12-16
5347397	Fairview	Fairview		37.67854	-122.0458	P	PPL	US		CA	001			10003	183	174	America/Los_Angeles	2011-05-14
5347447	Fairway Park	Fairway Park		37.62077	-122.48831	P	PPLX	US		CA	081			0	12	9	America/Los_Angeles	2018-04-18
5347725	Farm Hills	Farm Hills		37.4566	-122.25552	P	PPLX	US		CA	081			0	126	130	America/Los_Angeles	2010-02-19
5347770	Farwell	Farwell	Farwell,Farwell Station,Stonybrook	37.59827	-121.94524	P	PPL	US		CA	001			0	65	72	America/Los_Angeles	2006-01-15
5348024	Fernside	Fernside		37.76521	-122.22886	P	PPLX	US		CA	001			0	4	5	America/Los_Angeles	2007-02-14
5349923	Forest Hill	Forest Hill		37.74743	-122.46358	P	PPLX	US		CA	075			0	184	181	America/Los_Angeles	2010-02-19
5350066	Fort McDowell	Fort McDowell	East Garrison,Fort McDowell	37.8627	-122.42275	P	PPL	US		CA	075			0	30	38	America/Los_Angeles	2010-02-19
5350113	Fort Winfield Scott	Fort Winfield Scott	Castillo de San Joaquin,Fort Scott,Fort Winfield Scott	37.8016	-122.47358	P	PPLX	US		CA	075			0	71	68	America/Los_Angeles	2018-04-18
5350159	Foster City	Foster City	Foster Siti,Foster-Siti,Fostur Siti,fosutashiti,fu si te cheng,fwstr syty  kalyfrnya,fwstyr syty,phastara siti,Фостер Сити,Фостер-Сіті,Фостър Сити,فوستر سیتی، کالیفرنیا,فوستير سيتي,فوسٹر سٹی، کیلیفورنیا,फस्टर सिटी,フォスターシティ,福斯特城	37.55855	-122.27108	P	PPL	US		CA	081			33477	2	3	America/Los_Angeles	2017-03-09
5350460	Franciscan Mobile Home Park	Franciscan Mobile Home Park		37.68799	-122.45053	P	PPLX	US		CA	081			0	114	107	America/Los_Angeles	2007-02-14
5350734	Fremont	Fremont	Centerville,Centreville,Fremont,Fremontas,Frimont,Hardscrabble,Irvington,Mission San Jose,Nikes,Warm Springs,fei li meng,frymant  kalyfrnya,frymwnt,furimonto,peulimonteu,phremonta,phrimamta,prymwnt,Фремонт,Фримонт,פרימונט,فريمونت,فریمانت، کالیفرنیا,فریمونٹ,فریمونٹ، کیلیفورنیا,फ्रिमाँट,फ्रेमोन्ट,フリーモント,費利蒙,프리몬트	37.54827	-121.98857	P	PPL	US		CA	001			232206	17	18	America/Los_Angeles	2017-03-09
5351056	Friendship Village	Friendship Village		37.77826	-122.43053	P	PPLX	US		CA	075			0	32	34	America/Los_Angeles	2007-02-14
5352487	Glenridge	Glenridge		37.7391	-122.43692	P	PPLX	US		CA	075			0	153	146	America/Los_Angeles	2007-02-14
5352760	Gold Mine Hill	Gold Mine Hill		37.74188	-122.43803	P	PPLX	US		CA	075			0	194	187	America/Los_Angeles	2007-02-14
5353248	Grabtown	Grabtown	Gilbert's Camp,Grabtown	37.42216	-122.34386	P	PPL	US		CA	081			0	490	503	America/Los_Angeles	2006-01-15
5354234	Greenville (historical)	Greenville (historical)		37.71993	-121.69912	P	PPLQ	US		CA	001			0	178	176	America/Los_Angeles	2011-12-12
5354822	Hacienda Mobile Home Park	Hacienda Mobile Home Park		37.66632	-121.84746	P	PPLX	US		CA	001			0	122	119	America/Los_Angeles	2007-02-14
5354895	Haight-Ashbury	Haight-Ashbury	Ashbury Heights,The Haight,The Upper Haight	37.76993	-122.44692	P	PPLX	US		CA	075			0	81	86	America/Los_Angeles	2017-04-19
5354943	Half Moon Bay	Half Moon Bay	Half Moon Bay,Halfmoon Bay,Khaf Mun Bej,Khalf Mun Bej,San Benito,San Benitos,Spanish Town,Spanishtown,ban yue wan,haf mwn by,hafumunbei,half mwwn bay,hapha muna be,Халф Мун Бей,Хаф Мун Беј,هاف مون بی,هالف موون باي,हाफ मून बे,ハーフムーンベイ,半月灣	37.46355	-122.42859	P	PPL	US		CA	081			12657	22	21	America/Los_Angeles	2017-03-09
5355001	Hall Station	Hall Station	Hall,Hall Station	37.5866	-122.06524	P	PPL	US		CA	001			0	5	3	America/Los_Angeles	2006-01-15
5355040	Halvern	Halvern		37.62521	-122.05246	P	PPLX	US		CA	001			0	6	3	America/Los_Angeles	2018-04-18
5355933	Hayward	Hayward	Gejvard,HWD,Hayward,Hayward Station,Hayward's,Haywards,Haywards Station,Haywood,Heivordas,Khejurd,Khejvard,hai wo de,hayward,heiwado,heiwodeu,hevarda,hywrd  kalyfrnya,Гейвард,Хейвард,Хейуърд,Хејвард,هايوارد,هیورد، کالیفرنیا,ہےوارڈ,हेवार्ड,ヘイワード,海沃德,헤이워드	37.66882	-122.0808	P	PPL	US		CA	001			158289	34	32	America/Los_Angeles	2017-03-09
5355946	Hayward Park	Hayward Park		37.55438	-122.3133	P	PPLX	US		CA	081			0	5	5	America/Los_Angeles	2018-04-18
5356319	Henderson	Henderson		37.47938	-122.16552	P	PPLX	US		CA	081			0	4	1	America/Los_Angeles	2018-04-18
5356916	Highland Park	Highland Park		37.79771	-122.22747	P	PPLX	US		CA	001			0	59	58	America/Los_Angeles	2007-02-14
5356950	Highlands	Highlands		37.51994	-122.34386	P	PPL	US		CA	081			0	150	141	America/Los_Angeles	2010-02-20
5357087	Hillsborough Park	Hillsborough Park		37.55494	-122.35886	P	PPL	US		CA	081			0	111	109	America/Los_Angeles	2006-01-15
5357090	Hillsdale	Hillsdale		37.53633	-122.30552	P	PPLX	US		CA	081			0	15	15	America/Los_Angeles	2018-04-18
5357155	Hillsborough	Hillsborough		37.5741	-122.37942	P	PPL	US		CA	081			11451	98	93	America/Los_Angeles	2017-03-09
5359484	Ingleside	Ingleside		37.72299	-122.45303	P	PPLX	US		CA	075			0	92	91	America/Los_Angeles	2006-07-12
5359808	Irvington District	Irvington District	Irving,Irvington,Irvington District,The Corners,Washington Corner,Washington Corners	37.52272	-121.97163	P	PPLX	US		CA	001			0	11	10	America/Los_Angeles	2018-04-18
5360457	Jarvis Landing	Jarvis Landing	Jarvis Landing,Mayhews Landing	37.52938	-122.06357	P	PPLX	US		CA	001			0	3	-1	America/Los_Angeles	2018-04-18
5361231	Jordan Park	Jordan Park		37.78465	-122.45664	P	PPLX	US		CA	075			0	66	67	America/Los_Angeles	2007-02-14
5363137	Kilkare Woods	Kilkare Woods		37.62827	-121.91218	P	PPL	US		CA	001			0	252	271	America/Los_Angeles	2006-01-15
5363694	Komandorski Village	Komandorski Village		37.71604	-121.90885	P	PPL	US		CA	001			0	113	112	America/Los_Angeles	2006-01-15
5363933	La Honda	La Honda	La Honda,Lahonda	37.31911	-122.27414	P	PPL	US		CA	081			928	119	134	America/Los_Angeles	2011-05-14
5364192	Ladera	Ladera		37.39994	-122.1983	P	PPL	US		CA	081			1426	94	92	America/Los_Angeles	2011-05-14
5364304	Laguna Heights	Laguna Heights		37.78354	-122.42719	P	PPLX	US		CA	075			0	52	55	America/Los_Angeles	2007-02-14
5365475	Laurel	Laurel		37.53188	-122.30775	P	PPLX	US		CA	081			0	22	21	America/Los_Angeles	2018-04-18
5366539	Linda Mar	Linda Mar		37.59549	-122.49414	P	PPLX	US		CA	081			0	35	38	America/Los_Angeles	2018-04-18
5366589	Lindenwood	Lindenwood		37.46883	-122.18163	P	PPLX	US		CA	081			0	14	20	America/Los_Angeles	2007-02-14
5366979	Little Italy	Little Italy	L'Italia Piccola,Little Italy,Quartiere Italiano	37.80076	-122.4108	P	PPLX	US		CA	075			0	22	23	America/Los_Angeles	2007-02-14
5367095	Little Osaka	Little Osaka		37.78576	-122.42997	P	PPLX	US		CA	075			0	46	50	America/Los_Angeles	2006-07-12
5367440	Livermore	Livermore	LVK,Laddville,Livrmor,Livermor,Livermore,Livermore's,Nottingham,li fu mo,libeomo-eo,libharamora,lybrmwr,lyfyrmwry,lywrmwr,lywrmwr  kalyfrnya,ribamoa,Ливермор,Ливърмор,Лівермор,ליברמור,ليفيرموري,لیورمور,لیورمور، کالیفرنیا,लिभरमोर,リバモア,利佛摩,리버모어	37.68187	-121.76801	P	PPL	US		CA	001			88126	150	150	America/Los_Angeles	2017-03-09
5367483	Lobitos	Lobitos	Lobitos,Tunitas	37.383	-122.40025	P	PPL	US		CA	081			0	52	55	America/Los_Angeles	2006-01-15
5367538	Lockwood Gardens	Lockwood Gardens		37.7616	-122.19663	P	PPLX	US		CA	001			0	6	4	America/Los_Angeles	2007-02-14
5367707	Loma Mar	Loma Mar		37.27105	-122.30858	P	PPL	US		CA	081			113	74	79	America/Los_Angeles	2011-05-14
5367776	Lomita Park	Lomita Park		37.6166	-122.40442	P	PPL	US		CA	081			0	9	7	America/Los_Angeles	2006-01-15
5368289	Lorenzo Station	Lorenzo Station		37.69243	-122.12996	P	PPL	US		CA	001			0	10	8	America/Los_Angeles	2006-01-15
5368623	Los Trancos Woods	Los Trancos Woods		37.34939	-122.19941	P	PPL	US		CA	081			0	291	304	America/Los_Angeles	2006-01-15
5369901	Malcolm X Square	Malcolm X Square		37.78104	-122.42969	P	PPLX	US		CA	075			0	34	34	America/Los_Angeles	2007-02-14
5369943	Mallard (historical)	Mallard (historical)	Mallard (historical),Mallard Siding	37.54633	-121.9569	P	PPLQ	US		CA	001			0	16	16	America/Los_Angeles	2011-12-12
5370373	Marcus Garvey Square	Marcus Garvey Square		37.78132	-122.43497	P	PPLX	US		CA	075			0	38	41	America/Los_Angeles	2007-02-14
5370506	Marina	Marina	Marina,Marina District	37.80298	-122.43747	P	PPLX	US		CA	075			0	7	7	America/Los_Angeles	2017-04-19
5370843	Martin Luther King Square	Martin Luther King Square		37.78048	-122.43497	P	PPLX	US		CA	075			0	38	38	America/Los_Angeles	2007-02-14
5370902	Martins Beach	Martins Beach	Martin's Beach,Martins Beach	37.37494	-122.40803	P	PPL	US		CA	081			0	6	0	America/Los_Angeles	2006-01-15
5371127	Mattos	Mattos		37.54605	-122.01746	P	PPLX	US		CA	001			0	12	9	America/Los_Angeles	2018-04-18
5371913	Meadowbrook Mobile Home Park	Meadowbrook Mobile Home Park		37.68299	-122.46497	P	PPLX	US		CA	081			0	46	41	America/Los_Angeles	2007-02-14
5372058	Melrose	Melrose		37.76993	-122.20525	P	PPLX	US		CA	001			0	12	11	America/Los_Angeles	2007-02-14
5372148	Mendenhall Springs	Mendenhall Springs		37.58827	-121.64773	P	PPL	US		CA	001			0	554	551	America/Los_Angeles	2006-01-15
5372221	Menlo Oaks	Menlo Oaks		37.4675	-122.16694	P	PPL	US		CA	081			0	12	14	America/Los_Angeles	2016-12-07
5372223	Menlo Park	Menlo Park	Menlo Park,Menlo-Park,men lo phar k,men luo pa ke,menlo parka,menlopakeu,menropaku,mnlw park  kalyfrnya,mynlw bark,Менло Парк,Менло-Парк,منلو پارک، کالیفرنیا,مينلو بارك,मेन्लो पार्क,เมนโลพาร์ก,メンローパーク,门洛帕克,멘로파크	37.45383	-122.18219	P	PPL	US		CA	081			33449	22	20	America/Los_Angeles	2017-03-09
5372329	Merienda (historical)	Merienda (historical)		37.58743	-121.96163	P	PPLQ	US		CA	001			0	33	39	America/Los_Angeles	2011-12-12
5372876	Midway	Midway		37.71465	-121.558	P	PPL	US		CA	001			0	109	110	America/Los_Angeles	2006-01-15
5373129	Millbrae	Millbrae	Milbrej,mi er bu rui,milabre,milbeule,myl bry  kalyfrnya,mylbray,Милбрей,Милбреј,Мілбрей,ميلبراي,میل بری، کالیفرنیا,मिलब्रे,密尔布瑞,밀브레	37.59855	-122.38719	P	PPL	US		CA	081			22795	10	10	America/Los_Angeles	2017-03-09
5373132	Millbrae Meadows	Millbrae Meadows		37.60216	-122.4172	P	PPL	US		CA	081			0	84	88	America/Los_Angeles	2006-01-15
5373541	Miramar	Miramar		37.493	-122.45664	P	PPL	US		CA	081			0	13	13	America/Los_Angeles	2006-01-15
5373628	Mission District	Mission District	The Mission	37.75993	-122.41914	P	PPLX	US		CA	075			47234	14	13	America/Los_Angeles	2017-12-06
5373722	Mission San Jose District	Mission San Jose District	Mission San Jose,Mission San Jose District	37.53299	-121.92024	P	PPLX	US		CA	001			0	93	95	America/Los_Angeles	2018-04-18
5374222	Montara	Montara	Montara,montara,Монтара,मोन्टारा	37.54216	-122.51609	P	PPL	US		CA	081			2909	30	32	America/Los_Angeles	2011-05-14
5375034	Moss Beach	Moss Beach		37.52744	-122.51331	P	PPL	US		CA	081			3103	19	17	America/Los_Angeles	2011-05-14
5375164	Mount Eden	Mount Eden		37.63604	-122.09996	P	PPLX	US		CA	001			0	13	11	America/Los_Angeles	2018-04-18
5375583	Mowry Landing	Mowry Landing	Mawry Landing,Mowry Landing,Mowry's Landing	37.50605	-122.01885	P	PPLX	US		CA	001			0	3	-3	America/Los_Angeles	2018-04-18
5375743	Mulford	Mulford		37.70937	-122.17969	P	PPL	US		CA	001			0	8	6	America/Los_Angeles	2006-01-15
5375744	Mulford Gardens	Mulford Gardens		37.70465	-122.17969	P	PPL	US		CA	001			0	6	5	America/Los_Angeles	2006-01-15
5376803	Newark	Newark	N'juark,Njuark,n'yu'arka,niu hua ke,nyueokeu,nywark,nywark  kalyfrnya,nywark  kylyfwrnya,Њуарк,Ньюарк,Нюарк,نيوارك,نیوآرک، کیلیفورنیا,نیوارک، کالیفرنیا,न्युआर्क,紐華克,뉴어크	37.52966	-122.04024	P	PPLX	US		CA	001			45336	6	5	America/Los_Angeles	2018-04-18
5377048	Niles District	Niles District	Gopher Town,Niles,Niles District,Vallejo Mills	37.57882	-121.97774	P	PPLX	US		CA	001			0	34	32	America/Los_Angeles	2018-04-18
5377050	Niles Junction	Niles Junction		37.57632	-121.97135	P	PPLX	US		CA	001			0	24	24	America/Los_Angeles	2018-04-18
5377241	Normandy Village	Normandy Village	Normandy Village,Thornberg Village	37.87548	-122.26552	P	PPLX	US		CA	001			0	79	85	America/Los_Angeles	2007-02-14
5377281	North Beach	North Beach	Little Italy,Nort Bijch,bei tan,Норт Бийч,北滩	37.80576	-122.41219	P	PPLX	US		CA	075			0	5	10	America/Los_Angeles	2014-10-08
5377389	North Fair Oaks	North Fair Oaks		37.47438	-122.19663	P	PPLX	US		CA	081			14687	8	9	America/Los_Angeles	2011-05-14
5378538	Oakland	Oakland	Gorad Oklend,OAK,Oakland,Oakland i California,Okland,Oklandas,Oklend,Oklenda,Oouklant,Oukland,Ouklend,Quercupolis,ao ke lan,awkland,awklnd,okalanda,okalyanda,okeullaendeu,oklant,okurando,Όουκλαντ,Горад Окленд,Окланд,Окленд,Оукланд,Оукленд,Օքլենդ,אוקלנד,אקלאנד,أوكلاند,اوکلند,اوکلینڈ,اوکلینڈ، کیلیفورنیا,ओकलंड,ओकल्याण्ड,ओकल्यान्ड,ওকল্যান্ড,ஓக்லண்ட்,ოკლენდი,オークランド,奥克兰,奧克蘭,오클랜드	37.80437	-122.2708	P	PPLA2	US		CA	001			419267	13	24	America/Los_Angeles	2017-03-09
5378789	Oceanview	Oceanview		37.70938	-122.43858	P	PPLX	US		CA	075			0	130	128	America/Los_Angeles	2006-07-12
5380248	Pabrico	Pabrico	Pabrico,Pabrico Siding	37.58271	-122.00635	P	PPLX	US		CA	001			0	16	16	America/Los_Angeles	2018-04-18
5380355	Laurel Heights	Laurel Heights		37.78493	-122.45219	P	PPLX	US		CA	075			0	82	84	America/Los_Angeles	2011-05-27
5380367	Pacific Manor	Pacific Manor		37.65021	-122.4897	P	PPLX	US		CA	081			0	31	28	America/Los_Angeles	2018-04-18
5380400	Pacific Skies Mobile Home Park	Pacific Skies Mobile Home Park		37.64105	-122.49359	P	PPLX	US		CA	081			0	10	10	America/Los_Angeles	2018-04-18
5380420	Pacifica	Pacifica	Edgemar,Fairway Park,Pacifica,Pacífica,Pasifika,Pedro Point,Pedro Valley,Punta De Las Almejas,Rockaway Beach,Sharp Park,Vallemar,basyfyka  san matyw  kalyfwrnya,pa xi fei ka,pasyfyka  kalyfrnya,pyasiphika,Пасифика,باسيفيكا، سان ماتيو، كاليفورنيا,پاسیفیکا، کالیفرنیا,प्यासिफिका,帕西菲卡	37.61383	-122.48692	P	PPL	US		CA	081			39260	25	25	America/Los_Angeles	2017-03-09
5380843	Palomar Park	Palomar Park		37.4816	-122.26441	P	PPL	US		CA	081			0	46	42	America/Los_Angeles	2006-01-15
5381205	Park View Commons	Park View Commons		37.76576	-122.45303	P	PPLX	US		CA	075			0	88	93	America/Los_Angeles	2007-02-14
5381812	Pedro Valley	Pedro Valley		37.59327	-122.49803	P	PPLX	US		CA	081			0	6	5	America/Los_Angeles	2018-04-18
5382100	Peralta Villa	Peralta Villa		37.80743	-122.29136	P	PPLX	US		CA	001			0	6	7	America/Los_Angeles	2007-02-14
5382215	Pescadero	Pescadero		37.25494	-122.38136	P	PPL	US		CA	081			643	12	7	America/Los_Angeles	2011-05-14
5382514	Piedmont	Piedmont	Pemont,Pidmont,bydmwnt,pa'idamonta,pi meng te,pideumonteu,pydmant  kalyfrnya,Пидмонт,Пємонт,بيدمونت,پیدمانت، کالیفرنیا,पाइडमोन्ट,皮蒙特,피드몬트	37.82437	-122.23163	P	PPLX	US		CA	001			11376	100	97	America/Los_Angeles	2018-04-18
5383777	Pleasanton	Pleasanton	Alisal,JBS,Pleasanton,Pleasonton,Plezantn,Plezanton,blysantwn,peullejeonteon,plijentatana,plyzantwn  kalyfrnya,pu lai sen dun,Плезантон,Плезантън,بليسانتون,پلیزانتون، کالیفرنیا,प्लिजेन्टटन,普莱森顿,플레전턴	37.66243	-121.87468	P	PPL	US		CA	001			79510	106	107	America/Los_Angeles	2017-03-09
5384478	Portola Valley	Portola Valley	Portola,Portola Vali,Portola Valley,Portolo Valley,bo tuo la gu,bwrtwla faly,portola bhyali,pwrtwla wly  kalyfrnya,Портола Вали,بورتولا فالي,پورتولا ولی، کالیفرنیا,पोर्टोला भ्याली,波托拉谷	37.38411	-122.23524	P	PPL	US		CA	081			4594	140	146	America/Los_Angeles	2017-03-09
5384635	Potrero District	Potrero District		37.75965	-122.39803	P	PPLX	US		CA	075			0	62	54	America/Los_Angeles	2006-07-12
5384866	Presidio Terrace	Presidio Terrace		37.78826	-122.4608	P	PPLX	US		CA	075			0	76	79	America/Los_Angeles	2007-02-14
5384967	Princeton	Princeton	Long Bridge,Old Landing,Princeton,Princeton by the Sea,Princeton-by-the-Sea	37.50494	-122.48692	P	PPL	US		CA	081			0	6	4	America/Los_Angeles	2006-01-15
5385209	Purisima (historical)	Purisima (historical)	Purisima (historical),Purissima	37.40411	-122.41359	P	PPLQ	US		CA	081			0	64	65	America/Los_Angeles	2011-12-12
5385597	Radum	Radum	Radum,Radum Station	37.67021	-121.85912	P	PPL	US		CA	001			0	110	106	America/Los_Angeles	2006-01-15
5386335	Ravenswood	Ravenswood		37.47633	-122.13524	P	PPL	US		CA	081			0	4	4	America/Los_Angeles	2006-01-15
5386467	Red Arrow Mobile Home Park	Red Arrow Mobile Home Park		37.6616	-122.44219	P	PPLX	US		CA	081			0	20	23	America/Los_Angeles	2007-02-14
5386834	Redwood City	Redwood City	Lungsod ng Redwood,Menzesville,Mezesville,Red Woods City,Redud Siti,Redvud Siti,Redvud-Siti,Redwood,Redwood City,Redwood Lakanbalen,hong mu cheng,ledeuudeusiti,rdwwd syty  kalyfrnya,redavuda siti,reddouddoshiti,rydwwd,Редвуд Сити,Редвуд-Сити,Редвуд-Сіті,Редуд Сити,ردوود سیتی، کالیفرنیا,ريدوود,ریڈووڈ شہر، کیلیفورنیا,रेडवूड सिटी,レッドウッドシティ,紅木城,레드우드시티	37.48522	-122.23635	P	PPLA2	US		CA	081			85288	6	8	America/Los_Angeles	2017-03-09
5386886	Redwood Junction	Redwood Junction		37.47716	-122.22135	P	PPL	US		CA	081			0	7	4	America/Los_Angeles	2006-01-15
5386918	Redwood Park	Redwood Park		37.43466	-122.32136	P	PPL	US		CA	081			0	615	635	America/Los_Angeles	2010-02-19
5386932	Redwood Shores	Redwood Shores		37.53188	-122.24802	P	PPLX	US		CA	081			10500	2	-1	America/Los_Angeles	2012-05-14
5386938	Redwood Terrace	Redwood Terrace		37.31466	-122.29497	P	PPL	US		CA	081			0	83	112	America/Los_Angeles	2006-01-15
5387094	Remillard (historical)	Remillard (historical)	Remillard (historical),Remillard Station	37.67132	-121.85357	P	PPLQ	US		CA	001			0	114	115	America/Los_Angeles	2011-12-12
5387434	Richmond District	Richmond District	RIchmond	37.78049	-122.47247	P	PPLX	US		CA	075			0	52	53	America/Los_Angeles	2008-01-14
5388026	Robert (historical)	Robert (historical)		37.67688	-122.15663	P	PPLQ	US		CA	001			0	4	0	America/Los_Angeles	2011-12-12
5388168	Rochedale Village	Rochedale Village		37.86576	-122.25941	P	PPLX	US		CA	001			0	72	77	America/Los_Angeles	2007-02-14
5388297	Rockaway Beach	Rockaway Beach	Calera,Rockaway Beach	37.60855	-122.49525	P	PPLX	US		CA	081			0	14	17	America/Los_Angeles	2018-04-18
5389292	Runnymeade (historical)	Runnymeade (historical)		37.46772	-122.13496	P	PPLQ	US		CA	081			0	5	3	America/Los_Angeles	2011-12-12
5389342	Russell City	Russell City	Russell,Russell City	37.65271	-122.13358	P	PPLX	US		CA	001			0	5	5	America/Los_Angeles	2018-04-18
5390210	Saint Francis Square	Saint Francis Square		37.7841	-122.42914	P	PPLX	US		CA	075			0	44	51	America/Los_Angeles	2007-02-14
5390213	Saint Francis Wood	Saint Francis Wood		37.73465	-122.46803	P	PPLX	US		CA	075			0	105	104	America/Los_Angeles	2007-02-14
5391749	San Bruno	San Bruno		37.63049	-122.41108	P	PPL	US		CA	081			43185	5	5	America/Los_Angeles	2017-03-09
5391760	San Carlos	San Carlos	SQL,San Karlos,San-Karlos,san karlws,san karlws  kalyfrnya,sheng ka luo si,sn qrlws,syana karlosa,Сан Карлос,Сан-Карлос,סן קרלוס,سان كارلوس,سان کارلوس، کالیفرنیا,स्यान कार्लोस,圣卡洛斯	37.50716	-122.26052	P	PPL	US		CA	081			29931	10	6	America/Los_Angeles	2017-03-09
5391959	San Francisco	San Francisco	Franciscopolis,Frisco,Gorad San-Francyska,Kapalakiko,Khiu-kim-san,Khiu-kîm-sân,Lungsod ng San Francisco,New Albion,SF,SFO,San Francisco,San Franciscu,San Francisko,San Fransisco,San Fransiskas,San Fransisko,San Frantzisko,San Phransisko,San-Francisko,San-Fransisko,Sanfrancisko,Sao Francisco,São Francisco,Yerba Buena,can pirancisko,jiu jin shan,saenpeulan,saenpeulansiseuko,saina pharansisako,saina phransisko,san f ran si s ko,san fan shi,san fransskw,san fransyskw,san fransyskۆ,san phransisko,sana phransisako ka'unti,sana phransisko,sanfuranshisuko,sena phransisko,sn prnsysqw,syana phransisko,Σαν Φρανσίσκο,Горад Сан-Францыска,Сан Франсиско,Сан Франциско,Сан-Франциско,Сан-Франціско,Սան Ֆրանցիսկո,סאן פראנציסקא,סן פרנסיסקו,سان فرانسسکو,سان فرانسيسكو,سان فرانسیسکو,سان فرانسیسکۆ,सॅन फ्रान्सिस्को,सैन फ्रांसिस्को,स्यान फ्रान्सिस्को,সান ফ্রান্সিসকো কাউন্টি,সান ফ্রান্সিস্কো,ਸੈਨ ਫਰਾਂਸਿਸਕੋ,சான் பிரான்சிஸ்கோ,శాన్ ఫ్రాన్సిస్కో,സാൻ ഫ്രാൻസിസ്കോ,සැන් ෆ්‍රැන්සිස්කෝ,ซานฟรานซิสโก,སན་ཧྥུ་རན་སིས་ཁོ,ဆန်ဖရန်စစ္စကိုမြို့,სან-ფრანცისკო,サンフランシスコ,三藩市,旧金山,舊金山,샌프란,샌프란시스코	37.77493	-122.41942	P	PPLA2	US		CA	075			864816	16	28	America/Los_Angeles	2017-06-15
5392080	San Gregorio	San Gregorio		37.32717	-122.38664	P	PPL	US		CA	081			0	20	20	America/Los_Angeles	2006-01-15
5392263	San Leandro	San Leandro	Cherry City of California,San Leandro,San Lijandro,San-Leandro,saenliaendeulo,san lyandrw  kalyfrnya,san lyndrw,sanreandoro,sheng li an zhuo,syana liyandro,Сан Леандро,Сан Лијандро,Сан-Леандро,سان لئاندرو، کالیفرنیا,سان ليندرو,سان لیانڈرو,स्यान लीयान्द्रो,サンレアンドロ,聖利安卓,샌리앤드로	37.72493	-122.15608	P	PPL	US		CA	001			90712	15	19	America/Los_Angeles	2017-03-09
5392281	San Lorenzo	San Lorenzo	Lorenzo,San Lorenzo,Squattersville	37.68104	-122.12441	P	PPL	US		CA	001			23452	13	10	America/Los_Angeles	2011-05-14
5392423	San Mateo	San Mateo	Matthaeopolis,San Mateo,San Matheo,San-Mateo,saenmeoteio,san matyw,san matyw  kalyfrnya,sanmateo,sheng ma diao,syana myatiyo,Сан Матео,Сан-Матео,سان ماتيو,سان ماتیو، کالیفرنیا,سانماٹیو,स्यान म्याटियो,サンマテオ,聖馬刁,샌머테이오	37.56299	-122.32553	P	PPL	US		CA	081			103536	13	13	America/Los_Angeles	2017-03-09
5392439	San Mateo Park	San Mateo Park		37.5666	-122.34525	P	PPLX	US		CA	081			0	28	26	America/Los_Angeles	2018-04-18
5392611	San Ramon Village	San Ramon Village		37.72132	-121.92996	P	PPL	US		CA	001			0	108	106	America/Los_Angeles	2006-01-15
5393955	Scotts Corner	Scotts Corner	Scott's Corner,Scotts Corner	37.58882	-121.87107	P	PPL	US		CA	001			0	79	80	America/Los_Angeles	2006-01-15
5394077	Seacliff	Seacliff		37.78854	-122.48692	P	PPLX	US		CA	075			0	26	31	America/Los_Angeles	2007-02-14
5394095	Seal Cove	Seal Cove		37.51911	-122.51276	P	PPL	US		CA	081			0	18	23	America/Los_Angeles	2006-01-15
5394130	Searsville (historical)	Searsville (historical)		37.40244	-122.24524	P	PPLQ	US		CA	081			0	110	114	America/Los_Angeles	2011-12-12
5394352	Seminary Park	Seminary Park		37.77354	-122.18774	P	PPLX	US		CA	001			0	24	23	America/Los_Angeles	2007-02-14
5394463	Sequoia Mobile Home Park	Sequoia Mobile Home Park		37.48022	-122.20385	P	PPLX	US		CA	081			0	6	5	America/Los_Angeles	2007-02-14
5394945	Sharp Park	Sharp Park	Salada Beach,Sharp Park	37.63605	-122.48803	P	PPLX	US		CA	081			0	28	32	America/Los_Angeles	2018-04-18
5395144	Shelter Cove	Shelter Cove	Hurricane Gulch,Shelter Cove	37.59633	-122.51275	P	PPLX	US		CA	081			0	47	49	America/Los_Angeles	2018-04-18
5395359	Shinn	Shinn	Shinn,Shinn Station	37.5666	-121.98329	P	PPLX	US		CA	001			0	21	23	America/Los_Angeles	2018-04-18
5395408	Sholun	Sholun		37.67216	-122.47747	P	PPL	US		CA	081			0	102	118	America/Los_Angeles	2006-01-15
5395923	Silver Penny Mobile Home Park	Silver Penny Mobile Home Park		37.50716	-122.25358	P	PPLX	US		CA	081			0	3	-1	America/Los_Angeles	2007-02-14
5396281	Sky Londa	Sky Londa	Sky Londa,Skylonda	37.38355	-122.26275	P	PPL	US		CA	081			0	467	476	America/Los_Angeles	2006-01-15
5396749	Snoboy	Snoboy	Snoboy,Snoboy Siding	37.51133	-121.94635	P	PPLX	US		CA	001			0	9	6	America/Los_Angeles	2018-04-18
5397188	Sorenson	Sorenson		37.64549	-122.0658	P	PPLX	US		CA	001			0	24	21	America/Los_Angeles	2018-04-18
5397287	South Berkeley	South Berkeley	Lorin,South Berkeley	37.84882	-122.27164	P	PPLX	US		CA	001			0	31	32	America/Los_Angeles	2007-02-14
5397765	South San Francisco	South San Francisco	Baden,Juzhen San Francisko,Saus-San-Francisko,Saut San Francisko,South San Francisco,nan jiu jin shan,sa'utha syana phransisko,saususanfuranshisuko,swt san fransyskw  kalyfrnya,swwth san fransyskw,Саус-Сан-Франциско,Саут Сан Франциско,Южен Сан Франциско,سوت سان فرانسیسکو، کالیفرنیا,سووث سان فرانسيسكو,साउथ स्यान फ्रान्सिस्को,サウスサンフランシスコ,南旧金山,南舊金山	37.65466	-122.40775	P	PPL	US		CA	081			67271	4	5	America/Los_Angeles	2017-03-09
5397785	South Shore	South Shore		37.75965	-122.25775	P	PPLX	US		CA	001			0	4	4	America/Los_Angeles	2007-02-14
5399165	Stonestown	Stonestown		37.72826	-122.47942	P	PPLX	US		CA	075			0	45	43	America/Los_Angeles	2006-07-12
5400093	Sunol	Sunol	Sanol,Sunol,Sunolglen,sanola,Санол,Сунол,सनोल	37.59438	-121.88857	P	PPL	US		CA	001			913	84	79	America/Los_Angeles	2011-05-14
5400187	Sunset District	Sunset District		37.75354	-122.49525	P	PPLX	US		CA	075			0	52	57	America/Los_Angeles	2014-10-08
5400754	Sydney Town (historical)	Sydney Town (historical)		37.79715	-122.40358	P	PPLX	US		CA	075			0	10	22	America/Los_Angeles	2006-07-12
5402406	Thousand Oaks	Thousand Oaks		37.89548	-122.27941	P	PPLX	US		CA	001			0	73	87	America/Los_Angeles	2010-02-19
5403324	Treasure Island Mobile Home Park	Treasure Island Mobile Home Park		37.66743	-122.45053	P	PPLX	US		CA	081			0	29	24	America/Los_Angeles	2007-02-14
5403395	Trevarno	Trevarno		37.69049	-121.74745	P	PPL	US		CA	001			0	163	162	America/Los_Angeles	2006-01-15
5404502	Ulmar	Ulmar	Ulmar,Ulmar Siding	37.70299	-121.71606	P	PPL	US		CA	001			0	169	169	America/Los_Angeles	2006-01-15
5404555	Union City	Union City	Junin Siti,Junion Siti,Junion-Siti,Thanh pho Union,Thành phố Union,Union City,lian he shi,yunieonsiti,yuniyana siti,ywnyn syty  kalyfrnya,ywnywn syty,Јунион Сити,Юниън Сити,Юніон-Сіті,يونيون سيتي,یونین سٹی، کیلیفورنیا,یونین سیتی، کالیفرنیا,युनियन सिटी,聯合市,유니언시티	37.59577	-122.01913	P	PPL	US		CA	001			74494	21	19	America/Los_Angeles	2017-03-09
5404864	University Village	University Village		37.88493	-122.30108	P	PPLX	US		CA	001			0	8	10	America/Los_Angeles	2007-02-14
5405296	Valencia Gardens	Valencia Gardens		37.7666	-122.4233	P	PPLX	US		CA	075			0	15	14	America/Los_Angeles	2007-02-14
5405476	Vallemar	Vallemar		37.61355	-122.48081	P	PPLX	US		CA	081			0	39	45	America/Los_Angeles	2018-04-18
5406205	Victoria Mews	Victoria Mews		37.76021	-122.39969	P	PPLX	US		CA	075			0	42	51	America/Los_Angeles	2007-02-14
5406394	Village Square	Village Square		37.7441	-122.43775	P	PPLX	US		CA	075			0	162	159	America/Los_Angeles	2007-02-14
5406483	Vineyard Mobile Villa	Vineyard Mobile Villa		37.6666	-121.85246	P	PPLX	US		CA	001			0	114	110	America/Los_Angeles	2007-02-14
5406621	Vista Del Monte	Vista Del Monte		37.74299	-122.43664	P	PPLX	US		CA	075			0	150	157	America/Los_Angeles	2007-02-14
5406670	Vista Verde	Vista Verde		37.33689	-122.19413	P	PPL	US		CA	081			0	477	483	America/Los_Angeles	2006-01-15
5407194	Warm Springs District	Warm Springs District	Harrisburg,Harrisburgh,Peacock's,Warm Springs District,Warmsprings	37.48716	-121.92913	P	PPLX	US		CA	001			0	19	19	America/Los_Angeles	2018-04-18
5407858	Northwest Berkeley	Northwest Berkeley		37.87437	-122.29858	P	PPLX	US		CA	001			0	7	8	America/Los_Angeles	2015-01-16
5407956	West End	West End		37.77243	-122.28108	P	PPLX	US		CA	001			0	6	7	America/Los_Angeles	2007-02-14
5408132	West Menlo Park	West Menlo Park		37.43355	-122.20302	P	PPL	US		CA	081			3659	34	35	America/Los_Angeles	2011-05-14
5408143	West Oakland	West Oakland		37.81187	-122.29497	P	PPLX	US		CA	001			0	4	5	America/Los_Angeles	2018-04-18
5408291	Westborough	Westborough		37.64355	-122.45886	P	PPL	US		CA	081			0	98	138	America/Los_Angeles	2006-01-15
5408307	Western Addition	Western Addition		37.78158	-122.43396	P	PPLX	US		CA	075			0	79	40	America/Los_Angeles	2017-04-21
5408374	Westlake	Westlake		37.69771	-122.48053	P	PPLX	US		CA	081			0	33	31	America/Los_Angeles	2006-07-12
5408469	Westridge	Westridge		37.39188	-122.21802	P	PPL	US		CA	081			0	141	152	America/Los_Angeles	2006-01-15
5410535	Woodside	Woodside	Udsajd,Vudsajd,vudsa'ida,wu de sai de,wwdsayd  kalyfrnya,wwwdsyd,Вудсајд,Удсайд,وودساید، کالیفرنیا,ووودسيد,वूड्साइड,伍德赛德	37.42994	-122.25386	P	PPL	US		CA	081			5561	118	118	America/Los_Angeles	2017-03-09
5410542	Woodside Glens	Woodside Glens		37.44049	-122.25663	P	PPL	US		CA	081			0	157	146	America/Los_Angeles	2010-02-19
5410544	Woodside Highlands	Woodside Highlands		37.38966	-122.24774	P	PPL	US		CA	081			0	266	254	America/Los_Angeles	2006-01-15
5410563	Woodstock	Woodstock		37.77632	-122.2858	P	PPLX	US		CA	001			0	4	4	America/Los_Angeles	2007-02-14
6324508	Russian Hill	Russian Hill	Russian Hill	37.80277	-122.42063	P	PPLX	US		CA	075			0		86	America/Los_Angeles	2017-12-29
6948446	Financial District	Financial District	Financial District,Finanzviertel	37.7912	-122.401	P	PPLL	US		CA	075			0		64	America/Los_Angeles	2009-12-09
7122205	Continental Mobile Home Park	Continental Mobile Home Park		37.63028	-122.06083	P	PPLX	US		CA	001			0	7	3	America/Los_Angeles	2018-04-18
7122206	Spanish Ranch Mobile Home Park	Spanish Ranch Mobile Home Park		37.63083	-122.05694	P	PPLX	US		CA	001			0	6	4	America/Los_Angeles	2018-04-18
7131879	Dimond District	Dimond District		37.80333	-122.21278	P	PPLX	US		CA	001			0	65	68	America/Los_Angeles	2018-04-18
7131880	Fruitvale	Fruitvale	Brays,Fruitvale	37.77972	-122.22028	P	PPLX	US		CA	001			0	15	19	America/Los_Angeles	2018-04-18
7131881	Laurel	Laurel		37.79333	-122.19806	P	PPLX	US		CA	001			0	69	68	America/Los_Angeles	2018-04-18
7131882	Millsmont	Millsmont		37.77611	-122.17583	P	PPLX	US		CA	001			0	73	65	America/Los_Angeles	2018-04-18
7131883	Montclair	Montclair		37.83222	-122.20917	P	PPLX	US		CA	001			0	272	267	America/Los_Angeles	2018-04-18
7131884	Trestle Glen	Trestle Glen		37.8125	-122.23417	P	PPLX	US		CA	001			0	44	49	America/Los_Angeles	2018-04-18
7132040	Allendale	Allendale		37.78778	-122.20583	P	PPLX	US		CA	001			0	47	47	America/Los_Angeles	2018-04-18
7132041	Claremont	Claremont		37.85571	-122.24423	P	PPL	US		CA	001			0	81	96	America/Los_Angeles	2016-04-24
7132042	La Loma Park	La Loma Park		37.88222	-122.25861	P	PPL	US		CA	001			0	185	202	America/Los_Angeles	2010-01-31
7132264	San Pedro Terrace	San Pedro Terrace		37.59472	-122.51	P	PPLX	US		CA	081			0	19	15	America/Los_Angeles	2018-04-18
7149824	Golden Gate Heights	Golden Gate Heights		37.75472	-122.47111	P	PPLX	US		CA	075			0	185	187	America/Los_Angeles	2011-07-18
7149825	Forest Knolls	Forest Knolls		37.75444	-122.45917	P	PPLX	US		CA	075			0	214	201	America/Los_Angeles	2018-04-18
7149826	Sherwood Forest	Sherwood Forest		37.73722	-122.45889	P	PPLX	US		CA	075			0	219	209	America/Los_Angeles	2018-04-18
7149827	Merced Manor	Merced Manor		37.73333	-122.47722	P	PPLX	US		CA	075			0	64	62	America/Los_Angeles	2018-04-18
7149828	Ingleside Terrace	Ingleside Terrace		37.72417	-122.46639	P	PPLX	US		CA	075			0	68	68	America/Los_Angeles	2018-04-18
7149829	Ingleside Heights	Ingleside Heights		37.71417	-122.46722	P	PPLX	US		CA	075			0	85	83	America/Los_Angeles	2018-04-18
7149830	Park Merced	Park Merced		37.71833	-122.48056	P	PPLX	US		CA	075			0	40	39	America/Los_Angeles	2018-04-18
7150334	Vintage Oaks	Vintage Oaks		37.45833	-122.16472	P	PPLX	US		CA	081			0	15	17	America/Los_Angeles	2018-04-18
7150335	The Willows	The Willows		37.46056	-122.15472	P	PPLX	US		CA	081			0	11	13	America/Los_Angeles	2018-04-18
7150336	Linfield Oaks	Linfield Oaks		37.45333	-122.17056	P	PPLX	US		CA	081			0	17	18	America/Los_Angeles	2018-04-18
7150337	Park Forest	Park Forest		37.45917	-122.19222	P	PPLX	US		CA	081			0	19	22	America/Los_Angeles	2018-04-18
7150338	Felton Gables	Felton Gables		37.46194	-122.18944	P	PPLX	US		CA	081			0	17	17	America/Los_Angeles	2018-04-18
7150339	Lloyden Park	Lloyden Park		37.46583	-122.20306	P	PPL	US		CA	081			0	14	14	America/Los_Angeles	2010-02-01
7150340	Stanford Weekend Acres	Stanford Weekend Acres		37.41667	-122.18972	P	PPL	US		CA	081			0	47	54	America/Los_Angeles	2010-02-01
7150341	University Heights	University Heights		37.43417	-122.20444	P	PPL	US		CA	081			0	33	34	America/Los_Angeles	2010-02-01
7176004	Baywood Park	Baywood Park		37.52993	-122.34564	P	PPL	US		CA	081			0	97	93	America/Los_Angeles	2010-02-03
7261437	Highlands-Baywood Park	Highlands-Baywood Park	Highlands-Baywood Park,Highlands-Baywood Park CDP	37.52272	-122.34506	P	PPL	US		CA	081			4027	190	182	America/Los_Angeles	2011-05-14
7838982	Pacific Heights	Pacific Heights	Pac Heights	37.79249	-122.43495	P	PPLX	US		CA	075			0		80	America/Los_Angeles	2011-05-27
7838986	China Basin	China Basin		37.77757	-122.39473	P	PPLX	US		CA	075			0		7	America/Los_Angeles	2011-05-27
7838987	South of Market	South of Market	SOMA,Saut uf Market,shi chang nan,Саут ъф Маркет,市场南	37.77757	-122.40435	P	PPLX	US		CA	075			0		5	America/Los_Angeles	2011-05-27
7838989	Mission Bay	Mission Bay		37.77017	-122.39164	P	PPLX	US		CA	075			0		2	America/Los_Angeles	2011-05-27
7838990	Dogpatch	Dogpatch		37.76108	-122.38838	P	PPLX	US		CA	075			0		10	America/Los_Angeles	2011-05-27
7871391	Rockridge	Rockridge		37.84283	-122.2462	P	PPLX	US		CA	001			0		59	America/Los_Angeles	2011-06-24
8394421	Alameda Point	Alameda Point		37.78672	-122.31903	P	PPLX	US		CA	001			0		-1	America/Los_Angeles	2012-10-03
8410794	Castro	Castro	Ardal Castro,Castro District,Kastro,Kastro rajons,Le Castro,The Castro,hqstrw,ka si chu jie,kaeseuteulo,kasutoro tongri,Кастро,הקסטרו,カストロ通り,卡斯楚街,캐스트로	37.75921	-122.43486	P	PPLX	US		CA	075			0		46	America/Los_Angeles	2012-10-24
8449741	Anza Vista	Anza Vista		37.78085	-122.44317	P	PPLX	US		CA	075			0		98	America/Los_Angeles	2013-01-31
8449742	Central Waterfront	Central Waterfront		37.75568	-122.38729	P	PPLX	US		CA	075			0		6	America/Los_Angeles	2013-01-31
8449744	Cole Valley	Cole Valley		37.7649	-122.45027	P	PPLX	US		CA	075			0		99	America/Los_Angeles	2013-01-31
8449745	Cow Hollow	Cow Hollow		37.79804	-122.43964	P	PPLX	US		CA	075			0		18	America/Los_Angeles	2013-01-31
8449746	Crocker Amazon	Crocker Amazon		37.7107	-122.4369	P	PPLX	US		CA	075			0		92	America/Los_Angeles	2013-01-31
8449753	Duboce Triangle	Duboce Triangle		37.76757	-122.43189	P	PPLX	US		CA	075			0		39	America/Los_Angeles	2013-02-01
8449754	Inner Parkside	Inner Parkside		37.74469	-122.47356	P	PPLX	US		CA	075			0		131	America/Los_Angeles	2013-02-01
8449756	Glen Park	Glen Park		37.73704	-122.43257	P	PPLX	US		CA	075			0		106	America/Los_Angeles	2013-02-01
8449757	Hayes Valley	Hayes Valley		37.77585	-122.42458	P	PPLX	US		CA	075			0		21	America/Los_Angeles	2013-02-01
8449759	Hunters Point	Hunters Point		37.72759	-122.37033	P	PPLX	US		CA	075			0		31	America/Los_Angeles	2013-02-01
8449761	Inner Sunset	Inner Sunset		37.76321	-122.46803	P	PPLX	US		CA	075			0		81	America/Los_Angeles	2017-04-22
8449762	Outer Sunset	Outer Sunset		37.74946	-122.50054	P	PPLX	US		CA	075			0		26	America/Los_Angeles	2013-02-01
8449764	Central Sunset	Central Sunset		37.74654	-122.4863	P	PPLX	US		CA	075			0		92	America/Los_Angeles	2013-02-01
8449765	Lake District	Lake District		37.78808	-122.47339	P	PPLX	US		CA	075			0		54	America/Los_Angeles	2013-02-01
8449766	Lone Mountain	Lone Mountain		37.77692	-122.47339	P	PPLX	US		CA	075			0		70	America/Los_Angeles	2013-02-01
8449767	Lower Pacific Heights	Lower Pacific Heights		37.78698	-122.43682	P	PPLX	US		CA	075			0		48	America/Los_Angeles	2013-02-01
8449768	Merced Heights	Merced Heights		37.71935	-122.47082	P	PPLX	US		CA	075			0		81	America/Los_Angeles	2013-02-01
8449769	Mission Terrace	Mission Terrace		37.72578	-122.43831	P	PPLX	US		CA	075			0		40	America/Los_Angeles	2013-02-01
8449770	Monterey Heights	Monterey Heights		37.73228	-122.46161	P	PPLX	US		CA	075			0		164	America/Los_Angeles	2013-02-01
8449771	Mount Davidson Manor	Mount Davidson Manor		37.72825	-122.46298	P	PPLX	US		CA	075			0		113	America/Los_Angeles	2013-02-01
8449772	Noe Valley	Noe Valley		37.75018	-122.43369	P	PPLX	US		CA	075			22893		60	America/Los_Angeles	2017-12-13
8449773	Outer Mission	Outer Mission		37.71109	-122.451	P	PPLX	US		CA	075			0		87	America/Los_Angeles	2013-02-01
8449774	Presidio Heights	Presidio Heights		37.78881	-122.45387	P	PPLX	US		CA	075			0		89	America/Los_Angeles	2013-02-01
8449775	Silver Terrace	Silver Terrace		37.73317	-122.39864	P	PPLX	US		CA	075			0		52	America/Los_Angeles	2013-02-01
8449776	Sunnyside	Sunnyside		37.72958	-122.4453	P	PPLX	US		CA	075			0		68	America/Los_Angeles	2013-02-01
8449777	Visitacion Valley	Visitacion Valley		37.71715	-122.40433	P	PPLX	US		CA	075			22534		73	America/Los_Angeles	2017-12-13
8449778	West Portal	West Portal		37.74159	-122.46801	P	PPLX	US		CA	075			0		115	America/Los_Angeles	2013-02-01
8449779	Westwood Highlands	Westwood Highlands		37.7332	-122.45668	P	PPLX	US		CA	075			0		151	America/Los_Angeles	2013-02-01
8449780	Westwood Park	Westwood Park		37.72602	-122.45671	P	PPLX	US		CA	075			0		87	America/Los_Angeles	2013-02-01
8449781	Lakeside	Lakeside		37.72544	-122.47347	P	PPLX	US		CA	075			0		56	America/Los_Angeles	2013-02-01
8449782	Lower Haight	Lower Haight		37.77208	-122.43048	P	PPLX	US		CA	075			0		48	America/Los_Angeles	2013-02-01
8449783	Embarcadero	Embarcadero		37.79678	-122.39508	P	PPLX	US		CA	075			0		3	America/Los_Angeles	2017-12-29
8449784	Clarendon Heights	Clarendon Heights		37.75492	-122.45134	P	PPLX	US		CA	075			0		245	America/Los_Angeles	2013-02-01
8449785	Fort Mason	Fort Mason		37.80598	-122.43179	P	PPLX	US		CA	075			0		5	America/Los_Angeles	2013-02-01
8449786	Telegraph Hill	Telegraph Hill		37.80127	-122.40566	P	PPLX	US		CA	075			0		73	America/Los_Angeles	2013-02-01
8449788	Civic Center	Civic Center		37.77926	-122.41941	P	PPLX	US		CA	075			0		32	America/Los_Angeles	2013-02-01
8449789	Bernal Heights	Bernal Heights		37.7383	-122.41626	P	PPLX	US		CA	075			0		58	America/Los_Angeles	2013-02-01
8449790	Mission Dolores	Mission Dolores		37.76423	-122.42695	P	PPLX	US		CA	075			0		25	America/Los_Angeles	2013-02-01
8449791	Portola	Portola		37.72973	-122.40996	P	PPLX	US		CA	075			0		30	America/Los_Angeles	2013-02-01
8449792	Excelsior	Excelsior		37.71793	-122.43263	P	PPLX	US		CA	075			0		79	America/Los_Angeles	2013-02-01
8449793	Balboa Terrace	Balboa Terrace		37.73132	-122.46872	P	PPLX	US		CA	075			0		95	America/Los_Angeles	2013-02-01
8449794	Panhandle	Panhandle		37.77282	-122.44607	P	PPLX	US		CA	075			0		79	America/Los_Angeles	2013-02-01
8449795	Japantown	Japantown		37.78503	-122.44607	P	PPLX	US		CA	075			0		76	America/Los_Angeles	2013-02-01
8449796	Miraloma Park	Miraloma Park		37.73911	-122.45156	P	PPLX	US		CA	075			0		228	America/Los_Angeles	2013-02-01
8449911	Nob Hill	Nob Hill		37.79302	-122.41703	P	PPLX	US		CA	075			0		98	America/Los_Angeles	2013-02-04
8449912	Downtown	Downtown		37.78694	-122.41	P	PPLX	US		CA	075			0		45	America/Los_Angeles	2013-02-04
8449913	Alamo Square	Alamo Square		37.77933	-122.43386	P	PPLX	US		CA	075			0		50	America/Los_Angeles	2013-02-04
8449914	North of the Panhandle	North of the Panhandle		37.77561	-122.44222	P	PPLX	US		CA	075			0		70	America/Los_Angeles	2013-02-04
8479166	Adams Point	Adams Point		37.81389	-122.25528	P	PPLX	US		CA	001			0	24	23	America/Los_Angeles	2018-04-18
8479167	Crocker Highlands	Crocker Highlands		37.81333	-122.22583	P	PPLX	US		CA	001			0	86	87	America/Los_Angeles	2018-04-18
8479168	Grand Lake	Grand Lake		37.81167	-122.24583	P	PPLX	US		CA	001			0	15	13	America/Los_Angeles	2018-04-18
8479169	Havenscourt	Havenscourt		37.76556	-122.18722	P	PPLX	US		CA	001			0	14	12	America/Los_Angeles	2018-04-18
8479170	Maxwell Park	Maxwell Park		37.77917	-122.19583	P	PPLX	US		CA	001			0	44	47	America/Los_Angeles	2018-04-18
8479171	Redwood Heights	Redwood Heights		37.7975	-122.18833	P	PPLX	US		CA	001			0	143	140	America/Los_Angeles	2018-04-18
8479172	Leona Heights	Leona Heights		37.78889	-122.17833	P	PPLX	US		CA	001			0	99	105	America/Los_Angeles	2018-04-18
8479173	Westbrae	Westbrae		37.87944	-122.28917	P	PPL	US		CA	001			0	24	24	America/Los_Angeles	2013-03-08
8479292	Fair Oaks	Fair Oaks		37.47417	-122.19556	P	PPL	US		CA	081			0	8	9	America/Los_Angeles	2013-03-08
8479293	Sharon Heights	Sharon Heights		37.42833	-122.20722	P	PPLX	US		CA	081			0	65	68	America/Los_Angeles	2018-04-18
9669803	Stanford Park	Stanford Park		37.445	-122.17833	P	PPLX	US		CA	081			0	22	22	America/Los_Angeles	2018-04-18
9669804	Stanford Hills	Stanford Hills		37.42222	-122.19361	P	PPLX	US		CA	081			0	62	63	America/Los_Angeles	2018-04-18
9885672	Lakeside	Lakeside		37.80446	-122.26526	P	PPLX	US		CA	001			0		14	America/Los_Angeles	2015-01-07
9885675	Civic Center	Civic Center		37.80243	-122.26985	P	PPLX	US		CA	001			0		16	America/Los_Angeles	2015-01-07
9885677	Old Oakland	Old Oakland		37.80327	-122.27929	P	PPLX	US		CA	001			0		9	America/Los_Angeles	2015-01-07
9885679	Acorn	Acorn		37.80565	-122.28667	P	PPLX	US		CA	001			0		4	America/Los_Angeles	2015-01-07
9885680	Oak Center	Oak Center		37.81026	-122.28543	P	PPLX	US		CA	001			0		7	America/Los_Angeles	2015-01-07
9885682	Uptown	Uptown		37.80941	-122.27427	P	PPLX	US		CA	001			0		7	America/Los_Angeles	2015-01-07
9958554	Central Berkeley	Central Berkeley		37.8671	-122.27912	P	PPLX	US		CA	001			0		35	America/Los_Angeles	2015-01-16
9958555	Poets Corner	Poets Corner		37.86679	-122.28869	P	PPLX	US		CA	001			0		22	America/Los_Angeles	2015-01-16
10124024	Upper B Street	Upper B Street		37.68025	-122.07034	P	PPLX	US		CA	001			0		45	America/Los_Angeles	2015-02-28
10124026	Hayward Highland	Hayward Highland		37.65366	-122.03446	P	PPLX	US		CA	001			0		263	America/Los_Angeles	2015-02-28
11002610	Golden Gate Park	Golden Gate Park		37.76936	-122.48348	P	PPLX	US		CA	075			0		62	America/Los_Angeles	2015-12-31
11055049	Produce and Water Front	Produce and Water Front		37.79327	-122.26959	P	PPLX	US		CA	001			0		1	America/Los_Angeles	2016-02-07
11055050	Peralta - Laney	Peralta - Laney		37.79419	-122.26062	P	PPLX	US		CA	001			0		2	America/Los_Angeles	2016-02-07
11055051	Merritt	Merritt		37.79758	-122.25659	P	PPLX	US		CA	001			0		9	America/Los_Angeles	2016-02-07
11055052	Cleveland Heights	Cleveland Heights		37.80507	-122.24698	P	PPLX	US		CA	001			0		30	America/Los_Angeles	2016-02-07
11126289	North Berkeley	North Berkeley		37.87661	-122.27388	P	PPLX	US		CA	001			0		58	America/Los_Angeles	2016-04-24
11126290	South Berkeley	South Berkeley		37.86079	-122.27114	P	PPLX	US		CA	001			0		43	America/Los_Angeles	2016-04-24
11126291	Bushrod	Bushrod		37.84643	-122.26676	P	PPLX	US		CA	001			0		36	America/Los_Angeles	2016-04-24
11126292	Santa Fe	Santa Fe		37.84233	-122.27255	P	PPLX	US		CA	001			0		24	America/Los_Angeles	2016-04-24
11126293	Sharfter	Sharfter		37.83948	-122.25831	P	PPLX	US		CA	001			0		39	America/Los_Angeles	2016-04-24
11126294	Southside	Southside		37.86747	-122.25281	P	PPLX	US		CA	001			0		105	America/Los_Angeles	2016-04-24
11809031	Fisherman's Warf	Fisherman's Warf		37.808	-122.41774	P	PPLX	US		CA	075			0	2	41	America/Los_Angeles	2018-01-24
