5106760	Adelphi	Adelphi		40.68094	-73.96458	P	PPLX	US		NY	047			0	24	30	America/New_York	2006-08-24
5107219	Annadale	Annadale		40.54455	-74.17653	P	PPL	US		NY	085			0	30	30	America/New_York	2006-01-15
5107338	Arlington	Arlington		40.63233	-74.16514	P	PPL	US		NY	085			0	10	11	America/New_York	2006-01-15
5107374	Arrochar	Arrochar		40.59844	-74.07264	P	PPL	US		NY	085			13010	16	20	America/New_York	2017-04-16
5107394	Arverne	Arverne		40.59122	-73.79597	P	PPL	US		NY	081			14120	2	3	America/New_York	2017-04-16
5107464	Astoria	Astoria	Astoria,Astorija,Hallett's Cove,aeseutolia,astwrya,Αστόρια,Астория,آستوریا,অ্যাস্টোরিয়া,애스토리아	40.77205	-73.93014	P	PPL	US		NY	081			150165	7	7	America/New_York	2017-04-16
5108111	Bath Beach	Bath Beach		40.60455	-74.00431	P	PPL	US		NY	047			33080	8	10	America/New_York	2017-04-16
5108135	Battery Park City	Battery Park City	Battery Park	40.71149	-74.01625	P	PPLX	US		NY	061			0	0	0	America/New_York	2008-05-21
5108161	Bay Ridge	Bay Ridge	Bay Ridge,Bej-Ridzh,Yellow Hook,Бей-Ридж	40.63399	-74.01458	P	PPL	US		NY	047			0	26	27	America/New_York	2006-01-15
5108186	Baychester	Baychester	Bay Chester,Baychester	40.86928	-73.83645	P	PPL	US		NY	005			16274	24	15	America/New_York	2017-04-22
5108193	Bayside	Bayside	Bay Side,Bayside,بے سائڈ، کوئینز	40.76844	-73.77708	P	PPL	US		NY	081			66455	24	27	America/New_York	2017-04-16
5108546	Bedford Park	Bedford Park		40.8701	-73.88569	P	PPL	US		NY	005			0	38	47	America/New_York	2006-01-15
5108554	Bedford-Stuyvesant	Bedford-Stuyvesant	Bed-Stuy,Bedford,Bedford Stuyvesant,Bedford-Stuyvesant,Bedford–Stuyvesant,Stuyvesant,beddofodo=sutaibesanto,bedeupeodeuseutaibeseonteu,Бедфорд — Стайвесант,בעדפארד סטייוועסענט,ベッドフォード＝スタイベサント,베드퍼드스타이베선트	40.68344	-73.94125	P	PPLX	US		NY	047			0	15	15	America/New_York	2014-12-17
5108598	Beechhurst	Beechhurst		40.79149	-73.80458	P	PPL	US		NY	081			0	14	18	America/New_York	2006-01-15
5108677	Bellaire	Bellaire		40.71399	-73.75402	P	PPL	US		NY	081			5610	19	20	America/New_York	2017-04-16
5108683	Belle Harbor	Belle Harbor		40.57594	-73.84819	P	PPL	US		NY	081			6758	2	5	America/New_York	2017-04-16
5108815	Bensonhurst	Bensonhurst	Bensonhurst,Bensonhurst-By-The-Sea,Bensonkherst,Bensonkhjorst,Бенсонхерст,Бенсонхёрст	40.60177	-73.99403	P	PPL	US		NY	047			60000	4	8	America/New_York	2010-03-30
5108844	Bergen Beach	Bergen Beach		40.62038	-73.9068	P	PPL	US		NY	047			13596	3	2	America/New_York	2017-04-16
5109554	Bloomfield	Bloomfield		40.6126	-74.1782	P	PPL	US		NY	085			1248	3	7	America/New_York	2006-01-17
5109790	Borough Park	Borough Park	Blythebourne,Boro-Park,Borough Park,Боро-Парк,בארא פארק,בורו פארק	40.63399	-73.99681	P	PPL	US		NY	047			149248	20	24	America/New_York	2017-04-16
5110073	Breezy Point	Breezy Point		40.55649	-73.92625	P	PPL	US		NY	081			0	2	4	America/New_York	2006-01-15
5110161	Brighton Beach	Brighton Beach	Brighton Beach,Duck Hill	40.57788	-73.95958	P	PPL	US		NY	047			31462	3	6	America/New_York	2017-04-16
5110201	Broad Channel	Broad Channel		40.60316	-73.82041	P	PPL	US		NY	081			2443	1	1	America/New_York	2017-04-16
5110219	Broadway Junction	Broadway Junction		40.67677	-73.90014	P	PPL	US		NY	047			0	21	22	America/New_York	2006-01-15
5110266	The Bronx	The Bronx	Borough of Bronx,Bronks,Bronx,The Bronx,Бронкс	40.84985	-73.86641	P	PPLA2	US		NY	005			1385108	23	19	America/New_York	2014-05-29
5110268	Bronxdale	Bronxdale	Bronxdale,Bronxsdale	40.85524	-73.86529	P	PPL	US		NY	005			0	15	30	America/New_York	2012-05-22
5110302	Brooklyn	Brooklyn	BK,Bklyn,Borough of Brooklyn,Breuckelen,Breukelen,Broklino,Brooklyn,Brucclinu,Bruklin,Bruklina,Bruklinas,Comitatus Bruclinum,Kings County,Marechkawick,beulukeullin,bru klin,brukalina,brwklyn,brwqlyn,bu lu ke lin qu,burukkurin qu,kinsa ka'unti,Бруклин,Бруклін,ברוקלין,بروكلين,بروکلین,ब्रुकलीन,ब्रूकलिन,কিংস কাউন্টি,ব্রুকলিন,บรุกลิน,ბრუკლინი,ブルックリン区,布鲁克林区,브루클린	40.6501	-73.94958	P	PPLA2	US		NY	047			2300664	15	18	America/New_York	2015-01-18
5110309	Brooklyn Heights	Brooklyn Heights	Brookland Heights,Brooklyn Heights,Brooklyn Village,bu lu ke lin gao de,布鲁克林高地	40.69538	-73.99375	P	PPLX	US		NY	047			0	26	34	America/New_York	2015-07-09
5110312	Brooklyn Manor	Brooklyn Manor		40.69483	-73.84764	P	PPL	US		NY	081			0	14	17	America/New_York	2006-01-15
5110446	Brownsville	Brownsville	Brown's Village,Brownsville	40.66094	-73.92014	P	PPL	US		NY	047			74497	9	10	America/New_York	2017-04-16
5110718	Bulls Head	Bulls Head		40.60705	-74.16209	P	PPL	US		NY	085			0	9	10	America/New_York	2006-01-15
5110918	Bushwick	Bushwick	Boswijck,Bushuik,Bushwick,Bushwyck,bu xi wei ke,bwswwyq,Бушуик,בושוויק,布希維克	40.69427	-73.91875	P	PPL	US		NY	047			112620	11	11	America/New_York	2017-04-16
5110921	Bushwick Junction	Bushwick Junction		40.71538	-73.90819	P	PPL	US		NY	081			0	22	22	America/New_York	2006-01-15
5111141	Cambria Heights	Cambria Heights		40.69455	-73.73847	P	PPL	US		NY	081			20287	15	16	America/New_York	2017-04-16
5111412	Canarsie	Canarsie		40.64372	-73.90069	P	PPL	US		NY	047			87366	6	6	America/New_York	2017-04-16
5111744	Castleton Corners	Castleton Corners	Castleton Corners,Centerville,Centreville,Four Corners	40.61316	-74.12236	P	PPL	US		NY	085			0	52	56	America/New_York	2006-01-15
5111937	Cedar Manor	Cedar Manor		40.69066	-73.79041	P	PPL	US		NY	081			0	10	10	America/New_York	2006-01-15
5112277	Charleston	Charleston	Androvetteville,Charleston,Charlestown,Kreischerville	40.53677	-74.23737	P	PPL	US		NY	085			1567	22	25	America/New_York	2017-04-16
5112293	Charlotte Gardens	Charlotte Gardens		40.83482	-73.89236	P	PPLX	US		NY	005			0	23	28	America/New_York	2007-02-14
5112387	Chelsea	Chelsea	Chelsea,Peanutville,Prallstown	40.60066	-74.19487	P	PPL	US		NY	085			2953	2	2	America/New_York	2017-04-16
5112388	Chelsea	Chelsea	Chelsi,chelsi,cherushi,que r xi,Челси,טשעלסי,ჩელსი,チェルシー,雀兒喜,첼시	40.74649	-74.00153	P	PPLX	US		NY	061			0	5	7	America/New_York	2014-10-08
5112540	Chinatown	Chinatown	Chajna-taun,chainataun,man ha dun hua bu,zyynhtʼwn,Чайна-таун,טשיינעטאון,ציינהטאון,チャイナタウン,曼哈頓華埠,차이나타운	40.71649	-73.99625	P	PPLX	US		NY	061			0	12	20	America/New_York	2006-07-12
5112735	City Island	City Island		40.84732	-73.78652	P	PPL	US		NY	005			4362	6	8	America/New_York	2017-04-16
5112738	City Line	City Line		40.67621	-73.88708	P	PPL	US		NY	047			0	12	12	America/New_York	2006-01-15
5112853	Clason Point	Clason Point	Clason Point,Clasons Point,Classon Point,Clausen,Clauson Point,Clawson,Cornells Neck	40.81363	-73.86179	P	PPL	US		NY	005			0	5	6	America/New_York	2012-04-09
5112956	Clifton	Clifton		40.6201	-74.07709	P	PPL	US		NY	085			9519	16	20	America/New_York	2017-04-16
5113302	College Point	College Point	College Point,Collegepoint,Strattonport Point,Strattonsport	40.7876	-73.84597	P	PPL	US		NY	081			27307	21	23	America/New_York	2017-04-16
5113460	Concord	Concord		40.60816	-74.08431	P	PPL	US		NY	085			8857	24	29	America/New_York	2017-04-16
5113481	Coney Island	Coney Island	Coney Adasi,Coney Adası,Coney Island,Conyn Island,Conyne Island,Insulo Coney,Koni-Ajlend,kang ni dao,koni-ailendi,koniaillaendeu,koniairando,kwny ayland,Кони-Айленд,קוני איילנד,كوني آيلاند,კონი-აილენდი,ქონი-აილენდი,コニーアイランド,康尼島,코니아일랜드	40.57788	-73.99403	P	PPL	US		NY	047			60000	0	2	America/New_York	2010-08-12
5113779	Corona	Corona	Corona,West Flushing	40.74705	-73.86014	P	PPL	US		NY	081			109698	13	12	America/New_York	2017-04-16
5114418	Cypress Hills	Cypress Hills	Cypress Hills,Union Place	40.67705	-73.89125	P	PPL	US		NY	047			54944	14	13	America/New_York	2017-04-16
5115204	Dongan Hills	Dongan Hills		40.58844	-74.09625	P	PPL	US		NY	085			9529	8	9	America/New_York	2017-04-16
5115258	Douglaston	Douglaston		40.76871	-73.74708	P	PPL	US		NY	081			14762	25	30	America/New_York	2017-04-16
5115614	Dyker Heights	Dyker Heights		40.62149	-74.00958	P	PPL	US		NY	047			34399	20	25	America/New_York	2017-04-16
5115835	East Elmhurst	East Elmhurst		40.76121	-73.86514	P	PPL	US		NY	081			0	23	25	America/New_York	2006-01-15
5115843	East Flatbush	East Flatbush	East Flatbush,Rugby	40.65371	-73.93042	P	PPL	US		NY	047			178464	9	7	America/New_York	2017-04-16
5115985	East New York	East New York	East New York,Oostwoud,Starrett City	40.66677	-73.88236	P	PPLX	US		NY	047			173198	6	8	America/New_York	2007-06-19
5116083	East Tremont	East Tremont		40.84538	-73.89097	P	PPL	US		NY	005			22886	27	33	America/New_York	2017-04-16
5116093	East Village	East Village	Ist-Villidzh,dong cun,iseuteubilliji,ʼyst wylg,Ист-Виллидж,איסט וויליזש,איסט וילג,イースト・ヴィレッジ,东村,이스트빌리지	40.72927	-73.98736	P	PPLX	US		NY	061			0	10	15	America/New_York	2007-02-14
5116119	Eastchester	Eastchester	East Chester,Eastchester,Ost Dorp	40.8876	-73.83291	P	PPL	US		NY	005			19554	16	16	America/New_York	2012-04-09
5116130	Eastern Parkway	Eastern Parkway	Crow Hill,Crown Heights,Eastern Parkway	40.66917	-73.93972	P	PPL	US		NY	047			0	32	34	America/New_York	2006-01-15
5116225	Edgemere	Edgemere	Edgemere,New Venice	40.59622	-73.76763	P	PPL	US		NY	081			9646	2	3	America/New_York	2017-04-16
5116464	Elm Park	Elm Park		40.63149	-74.14875	P	PPL	US		NY	085			0	9	6	America/New_York	2006-01-15
5116495	Elmhurst	Elmhurst	Elmhurst,Middeburgh,Middelburg,Middelburgh,Neutuyn,Newtown	40.73649	-73.87791	P	PPL	US		NY	081			113364	8	8	America/New_York	2017-04-16
5116546	Eltingville	Eltingville	Eltingville,Sea Side,South Side	40.54538	-74.1657	P	PPL	US		NY	085			10573	21	18	America/New_York	2017-04-16
5116570	Emerson Hill	Emerson Hill		40.60872	-74.09598	P	PPL	US		NY	085			15412	86	101	America/New_York	2017-04-16
5116917	Far Rockaway	Far Rockaway	פאר ראקעוועי,فار روک اوے، کوئینز	40.60538	-73.75513	P	PPL	US		NY	081			39189	5	8	America/New_York	2017-04-16
5117378	Flatbush	Flatbush	Flatbush,Middelwout,Middewout,Vlackebos,פלעטבוש	40.65205	-73.95903	P	PPL	US		NY	047			93361	16	18	America/New_York	2017-04-16
5117388	Flatlands	Flatlands	Flatlands,Keskachauge,Neue Amserfoort	40.62122	-73.93486	P	PPL	US		NY	047			63601	5	6	America/New_York	2017-04-16
5117472	Flushing	Flushing	Contea di Queens,Flashing,Flushing,Flushinge,Okrug Kvins,Queens,Queens County,fa la sheng,flashyng  kwyynz,flshng  kwyynz,peulleosing,Округ Квинс,Флашинг,פלאשינג,فلاشینگ، کویینز,فلشنگ، کوئینز,法拉盛,플러싱	40.76538	-73.81736	P	PPL	US		NY	081			0	26	33	America/New_York	2013-07-01
5117549	Fordham	Fordham		40.85927	-73.89847	P	PPL	US		NY	005			94678	38	42	America/New_York	2017-04-16
5117575	Forest Hills	Forest Hills	Forest Hill,Forest Hills,Whitepot	40.71621	-73.85014	P	PPL	US		NY	081			67714	18	19	America/New_York	2017-04-16
5117661	Fort Greene	Fort Greene		40.69371	-73.96708	P	PPLX	US		NY	047			0	18	17	America/New_York	2006-08-15
5117663	Fort Hamilton	Fort Hamilton		40.61872	-74.0332	P	PPL	US		NY	047			28966	20	23	America/New_York	2017-04-16
5117714	Fort Wadsworth	Fort Wadsworth		40.60113	-74.05738	P	PPL	US		NY	085			1669	11	23	America/New_York	2017-04-22
5117814	Fox Hills	Fox Hills	Fox Hills,Park Hill	40.6151	-74.08459	P	PPL	US		NY	085			0	20	21	America/New_York	2006-01-15
5118003	Fresh Kills	Fresh Kills		40.56427	-74.18626	P	PPL	US		NY	085			0	11	14	America/New_York	2006-01-15
5118005	Fresh Meadows	Fresh Meadows		40.73482	-73.79347	P	PPL	US		NY	081			28397	11	12	America/New_York	2017-04-16
5118006	Fresh Pond	Fresh Pond		40.70705	-73.90347	P	PPL	US		NY	081			0	34	39	America/New_York	2006-01-15
5118013	Fresh Pond Junction	Fresh Pond Junction		40.70399	-73.89153	P	PPL	US		NY	081			0	30	30	America/New_York	2006-01-15
5118463	Gerritsen	Gerritsen		40.59288	-73.92569	P	PPL	US		NY	047			0	3	3	America/New_York	2006-01-15
5118650	Glen Oaks	Glen Oaks		40.74705	-73.71152	P	PPL	US		NY	081			6655	36	36	America/New_York	2017-04-16
5118670	Glendale	Glendale		40.70149	-73.8868	P	PPL	US		NY	081			34389	27	26	America/New_York	2017-04-16
5118945	Governor Alfred E Smith Houses	Governor Alfred E Smith Houses		40.71066	-73.99903	P	PPLX	US		NY	061			0	4	11	America/New_York	2007-02-14
5119049	Graniteville	Graniteville	Bennett's Corners,Fayetteville,Graniteville	40.62483	-74.14848	P	PPL	US		NY	085			15272	14	16	America/New_York	2017-04-16
5119059	Grant City	Grant City		40.58205	-74.10486	P	PPL	US		NY	085			4594	9	8	America/New_York	2017-04-16
5119086	Grasmere	Grasmere	Grasmere,Grassmere	40.60427	-74.08709	P	PPL	US		NY	085			0	25	36	America/New_York	2006-01-15
5119167	Gravesend	Gravesend		40.5976	-73.96514	P	PPL	US		NY	047			112229	4	5	America/New_York	2017-04-16
5119211	Great Kills	Great Kills	Clarendon,Gifford's,Giffords,Great Kills,Greatkills,Newtown	40.55427	-74.15153	P	PPL	US		NY	085			22000	17	21	America/New_York	2017-04-16
5119383	Greenpoint	Greenpoint	Green Point,Greenpoint,Grinpojnt,Гринпойнт	40.72371	-73.95097	P	PPLX	US		NY	047			0	4	6	America/New_York	2006-08-15
5119389	Greenridge	Greenridge	Fresh Kills,Green Ridge,Greenridge,Marshland	40.56122	-74.16987	P	PPL	US		NY	085			261	3	3	America/New_York	2017-04-16
5119418	Greenwich Village	Greenwich Village	Greenwich Village,Grinich Vilidz,Grinuich Vilidzh,Grinvich-Villidzh,Lang Greenwich,Làng Greenwich,dhkdh grynwych,ge lin ni zhi cun,geulinichibilliji,grynwch wylj,grynwwyts wwylyzs,grynyz wylg,Гринвич-Виллидж,Гринвіч-Віллидж,Гринич Вилиџ,Гринуич Вилидж,גרינוויטש וויליזש,גריניץ וילג,دهکده گرینویچ,گرینوچ ویلج,グリニッジ・ヴィレッジ,格林尼治村,그리니치빌리지	40.72844	-74.00292	P	PPL	US		NY	061			0	6	10	America/New_York	2009-05-04
5119566	Grymes Hill	Grymes Hill		40.61872	-74.09348	P	PPL	US		NY	085			4985	91	96	America/New_York	2017-04-16
5119624	Gulfport	Gulfport		40.62983	-74.1957	P	PPL	US		NY	085			0	4	6	America/New_York	2006-01-15
5119683	Haberman	Haberman		40.72594	-73.91986	P	PPL	US		NY	081			0	8	5	America/New_York	2006-01-15
5119843	Hamilton Beach	Hamilton Beach		40.65233	-73.82736	P	PPL	US		NY	081			66	1	0	America/New_York	2017-04-16
5119875	Hammel	Hammel	Hammel,Hammels	40.58788	-73.81013	P	PPL	US		NY	081			0	2	3	America/New_York	2006-01-15
5120034	Harlem	Harlem	Garlem,Harlem,Harlema,Harlemas,Harlemo,Hārlema,Kharlem,New Harlem,Nieu Haarlem,Nieuw Haarlem,Northern Manhattan,ha lai mu qu,hallem,haremu,harlemi,harlm,Гарлем,Харлем,Հառլեմ,הארלם,هارلم,ہارلم,ჰარლემი,ハーレム,哈莱姆区,할렘	40.80788	-73.94542	P	PPL	US		NY	061			181259	8	15	America/New_York	2017-04-16
5120442	Hell's Kitchen	Hell's Kitchen	La Cocina del Infierno,Midtown West	40.76496	-73.9909	P	PPLX	US		NY	061			0	9	13	America/New_York	2017-04-22
5120675	High Bridge	High Bridge		40.83677	-73.9268	P	PPL	US		NY	005			0	25	30	America/New_York	2006-01-15
5120824	Hillside	Hillside	East Jamaica,Hillside,Rockaway Junction	40.70788	-73.7868	P	PPL	US		NY	081			24808	17	18	America/New_York	2017-04-16
5121005	Holland	Holland		40.58649	-73.81791	P	PPL	US		NY	081			0	1	4	America/New_York	2006-01-15
5121026	Hollis	Hollis		40.71344	-73.76708	P	PPL	US		NY	081			0	18	17	America/New_York	2006-01-15
5121407	Howard Beach	Howard Beach	Howard Beach,Rambersville	40.65788	-73.83625	P	PPL	US		NY	081			26148	1	1	America/New_York	2017-04-16
5121549	Huguenot	Huguenot	Bloomingview,Huguenot	40.53733	-74.19459	P	PPL	US		NY	085			9995	35	38	America/New_York	2017-04-16
5121666	Hunts Point	Hunts Point		40.8126	-73.88402	P	PPL	US		NY	005			0	6	8	America/New_York	2006-01-15
5122280	Inwood	Inwood		40.86566	-73.9268	P	PPL	US		NY	061			10082	9	12	America/New_York	2006-01-17
5122477	Jackson Heights	Jackson Heights	jaegseunhaicheu,جیکسن ہائیٹس، کوئینز,잭슨하이츠	40.75566	-73.88541	P	PPL	US		NY	081			67067	24	23	America/New_York	2017-04-16
5122520	Jamaica	Jamaica	Jaimaica,Jamaica,Jamaicah,Jamaick,Jamaico,Jamaika,Jamanica,Jameco,Jemaica,Jemaicae,Jemaico,Jemecah,Rustdorp,gmyyqh,jamaika de qu,jameika,גמייקה,ジャマイカ地区,자메이카	40.69149	-73.80569	P	PPL	US		NY	081			216866	13	12	America/New_York	2012-05-22
5122720	John Adams Houses	John Adams Houses		40.81649	-73.90625	P	PPLX	US		NY	005			0	14	22	America/New_York	2007-02-14
5123280	Kensington	Kensington		40.64621	-73.97069	P	PPL	US		NY	047			39120	14	14	America/New_York	2017-04-16
5123344	Kew Gardens	Kew Gardens		40.71427	-73.83097	P	PPL	US		NY	081			18983	28	34	America/New_York	2017-04-16
5123443	Kings Bridge	Kings Bridge		40.87871	-73.90514	P	PPL	US		NY	005			75132	8	9	America/New_York	2017-04-16
5123444	Kings Bridge Heights	Kings Bridge Heights		40.87232	-73.90069	P	PPL	US		NY	005			0	49	54	America/New_York	2006-01-15
5123508	Kips Bay	Kips Bay		40.73955	-73.97708	P	PPLX	US		NY	061			0	7	14	America/New_York	2007-02-14
5123594	Knickerbocker Village	Knickerbocker Village		40.71056	-73.99583	P	PPLX	US		NY	061			0	3	19	America/New_York	2007-02-14
5124078	Laurelton	Laurelton		40.67019	-73.74659	P	PPL	US		NY	081			21053	5	4	America/New_York	2017-04-21
5124204	Lefrak City	Lefrak City		40.73621	-73.86264	P	PPL	US		NY	081			0	8	16	America/New_York	2006-01-15
5124297	Lewis S Davidson Senior Houses	Lewis S Davidson Senior Houses		40.82732	-73.89903	P	PPLX	US		NY	005			0	18	24	America/New_York	2007-02-14
5124493	Linden Hill	Linden Hill		40.71566	-73.92347	P	PPL	US		NY	081			0	0	1	America/New_York	2006-01-15
5124496	Linden-Park	Linden-Park		40.59233	-74.09125	P	PPL	US		NY	085			0	9	10	America/New_York	2006-01-15
5124703	Little Italy	Little Italy	Little Italy,Malen'kaja Italija,Mica Italie,Pequena Italia,Pequeña Italia,liteul-iteolli,lytl aytaly,xiao yi da li,Маленькая Италия,איטליה הקטנה,ليتل إيتالي,リトル・イタリー,小意大利,리틀이털리	40.72094	-73.99597	P	PPL	US		NY	061			0	11	18	America/New_York	2011-06-22
5124753	Little Neck	Little Neck	Little Neck,Littleneck	40.76289	-73.73225	P	PPL	US		NY	081			10049	30	50	America/New_York	2017-04-22
5125037	Locust Manor	Locust Manor		40.68427	-73.7793	P	PPL	US		NY	081			0	6	7	America/New_York	2006-01-15
5125039	Locust Point	Locust Point		40.81593	-73.80208	P	PPL	US		NY	005			0	3	4	America/New_York	2006-01-15
5125061	Loisaida	Loisaida	Alphabetville,Loisaida	40.7251	-73.97958	P	PPLX	US		NY	061			0	4	8	America/New_York	2007-02-14
5125125	Long Island City	Long Island City	Blissville,Dutch Kills,Hunter's Point,Long Island,Long Island City,Long-Ajlend-Siti,Middletown,long-aillaendeusiti,zhang dao shi,Лонг-Айленд-Сити,לאנג איילענד סיטי,لانگ آئلینڈ سٹی,長島市,롱아일랜드시티	40.74482	-73.94875	P	PPLX	US		NY	081			25595	4	7	America/New_York	2016-04-11
5125409	Lower East Side	Lower East Side	Nizhnij Ist-Sajd,lo-eoiseuteusaideu,xia dong cheng,Нижний Ист-Сайд,לאוער איסט סייד,לואר איסט סייד,ロウアー・イースト・サイド,下东城,로어이스트사이드	40.71594	-73.98681	P	PPLX	US		NY	061			0	10	21	America/New_York	2014-10-08
5125691	Malba	Malba		40.79066	-73.8268	P	PPL	US		NY	081			0	6	6	America/New_York	2006-01-15
5125771	Manhattan	Manhattan	Borough of Manhattan,Manatans,Manathans,Manathas,Manathes,Manatte,Manhattan,Manhattanville,Mankhetten,Mannahattan,Menathans,maenhaeteun,man ha dun,manhatn,mnhtn,mæn hat tan,Манхеттен,מנהטן,مانهاتن,แมนฮัตตัน,曼哈顿,맨해튼	40.78343	-73.96625	P	PPLA2	US		NY	061			1487536	35	38	America/New_York	2014-05-21
5125772	Manhattan Beach	Manhattan Beach		40.57733	-73.94708	P	PPLX	US		NY	047			0	1	4	America/New_York	2006-08-27
5126013	Mariners Harbor	Mariners Harbor	Mariner's Harbor,Mariners Harbor	40.63677	-74.15875	P	PPL	US		NY	085			19905	2	5	America/New_York	2017-04-16
5126180	Maspeth	Maspeth	English Kills,Maspeth,Mespat,Mispat	40.72316	-73.91264	P	PPL	US		NY	081			48325	9	10	America/New_York	2017-04-16
5126550	Melrose	Melrose		40.82455	-73.91041	P	PPL	US		NY	005			22470	9	10	America/New_York	2017-04-16
5126553	Melrose Houses	Melrose Houses		40.82093	-73.91875	P	PPLX	US		NY	005			0	15	19	America/New_York	2007-02-14
5126827	Middle Village	Middle Village		40.71649	-73.88125	P	PPL	US		NY	081			29491	30	31	America/New_York	2017-04-16
5126855	Midland Beach	Midland Beach		40.57316	-74.09459	P	PPL	US		NY	085			7402	2	4	America/New_York	2017-04-16
5126919	Mill Brook Houses	Mill Brook Houses		40.80593	-73.91903	P	PPLX	US		NY	005			0	7	14	America/New_York	2007-02-14
5127536	Morris Heights	Morris Heights		40.84982	-73.91986	P	PPL	US		NY	005			40982	45	44	America/New_York	2017-04-16
5127542	Morris Park	Morris Park		40.85232	-73.85347	P	PPL	US		NY	005			0	24	26	America/New_York	2006-01-15
5127543	Morris Park	Morris Park		40.69038	-73.81597	P	PPL	US		NY	081			0	14	13	America/New_York	2006-01-15
5127550	Morrisania	Morrisania		40.82927	-73.90653	P	PPL	US		NY	005			23127	14	16	America/New_York	2017-04-16
5127670	Mott Haven	Mott Haven		40.80899	-73.92291	P	PPL	US		NY	005			51450	11	13	America/New_York	2017-04-16
5128195	Murray Hill	Murray Hill		40.74816	-73.97875	P	PPLX	US		NY	061			0	20	35	America/New_York	2007-02-14
5128428	Neponsit	Neponsit		40.57177	-73.86152	P	PPL	US		NY	081			1355	2	5	America/New_York	2017-04-16
5128490	New Dorp	New Dorp	New Dorp,Newdorp,Niew Dorp	40.57399	-74.11598	P	PPL	US		NY	085			7253	13	13	America/New_York	2017-04-16
5128492	New Dorp Beach	New Dorp Beach		40.56538	-74.10292	P	PPL	US		NY	085			6201	3	4	America/New_York	2017-04-16
5128522	New Brighton	New Brighton		40.64233	-74.09292	P	PPL	US		NY	085			3421	25	23	America/New_York	2017-04-16
5128566	New Springville	New Springville	Carle's Neck,New Springville,Springville	40.59344	-74.1632	P	PPL	US		NY	085			20756	8	9	America/New_York	2017-04-16
5128571	New Utrecht	New Utrecht	New Utrecht,New Utreght,Nieuw Utrecht	40.61316	-73.99597	P	PPL	US		NY	047			0	11	13	America/New_York	2006-01-15
5128920	North Beach	North Beach		40.76593	-73.87597	P	PPL	US		NY	081			0	15	17	America/New_York	2006-01-15
5129556	Oakland Gardens	Oakland Gardens		40.75399	-73.76597	P	PPL	US		NY	081			0	24	25	America/New_York	2006-01-15
5129572	Oakwood	Oakwood		40.56399	-74.11598	P	PPL	US		NY	085			11148	5	6	America/New_York	2017-04-16
5129574	Oakwood Beach	Oakwood Beach		40.55261	-74.11431	P	PPL	US		NY	085			0	1	4	America/New_York	2006-01-15
5129585	Oakwood Heights Station	Oakwood Heights Station	Oakwood,Oakwood Heights Station	40.56483	-74.12709	P	PPL	US		NY	085			56	18	19	America/New_York	2017-04-16
5129731	Old Place	Old Place		40.63038	-74.18598	P	PPL	US		NY	085			0	3	4	America/New_York	2006-01-15
5129768	Old Town Station	Old Town Station		40.59594	-74.08709	P	PPL	US		NY	085			0	13	14	America/New_York	2006-01-15
5130334	Ozone Park	Ozone Park	awzwn park  kwyynz,اوزون پارک، کوئینز	40.67677	-73.84375	P	PPL	US		NY	081			53985	10	10	America/New_York	2017-04-16
5130364	Paerdegat	Paerdegat		40.62972	-73.90667	P	PPL	US		NY	047			0	1	6	America/New_York	2016-12-07
5130561	Park Slope	Park Slope	Park Slope,Prospect Hill	40.6701	-73.98597	P	PPLX	US		NY	047			0	15	17	America/New_York	2006-08-15
5130571	Park of Edgewater	Park of Edgewater		40.8226	-73.80958	P	PPL	US		NY	005			0	5	7	America/New_York	2006-01-15
5130572	Parkchester	Parkchester		40.83899	-73.86041	P	PPL	US		NY	005			65876	16	22	America/New_York	2017-04-16
5130611	Parkville	Parkville	Greenfield,Parkville	40.63316	-73.97847	P	PPL	US		NY	047			0	16	20	America/New_York	2006-01-15
5130629	Parkside	Parkside		40.71066	-73.85097	P	PPL	US		NY	081			0	21	19	America/New_York	2006-01-15
5130638	Parsons Beach	Parsons Beach		40.77205	-73.75124	P	PPL	US		NY	081			0	11	17	America/New_York	2006-01-15
5130702	Patterson Houses	Patterson Houses		40.81399	-73.92347	P	PPLX	US		NY	005			0	8	13	America/New_York	2007-02-14
5131686	Plaza Borinquen	Plaza Borinquen		40.80843	-73.92097	P	PPLX	US		NY	005			0	9	12	America/New_York	2007-02-14
5131688	Plaza De Los Angeles	Plaza De Los Angeles		40.82038	-73.91347	P	PPLX	US		NY	005			0	9	12	America/New_York	2007-02-14
5131715	Pleasant Plains	Pleasant Plains	Lemon Creek,Pleasant Plains	40.52399	-74.2157	P	PPL	US		NY	085			808	11	18	America/New_York	2017-04-16
5132012	Port Ivory	Port Ivory		40.64094	-74.18014	P	PPL	US		NY	085			0	5	8	America/New_York	2006-01-15
5132023	Port Morris	Port Morris		40.80149	-73.90958	P	PPL	US		NY	005			1978	5	3	America/New_York	2017-04-16
5132028	Port Richmond	Port Richmond		40.63316	-74.13653	P	PPL	US		NY	085			15470	13	15	America/New_York	2017-04-16
5132259	Princes Bay	Princes Bay	Prince Bay,Prince's Bay,Princes Bay,Princess Bay,Princess Bay Station	40.52899	-74.19764	P	PPL	US		NY	085			0	17	21	America/New_York	2006-01-15
5133266	Queens	Queens		40.74982	-73.79763	P	PPLX	US		NY	081			0	13	14	America/New_York	2007-02-14
5133271	Queens Village	Queens Village	Brushville,Queens,Queens Village	40.72677	-73.74152	P	PPL	US		NY	081			51919	27	28	America/New_York	2017-04-16
5133273	Queens	Queens	Borough of Queens,Queens	40.68149	-73.83652	P	PPLA2	US		NY	081			2272771	12	13	America/New_York	2017-04-16
5133547	Red Hook	Red Hook		40.6751	-74.00958	P	PPLX	US		NY	047			0	2	2	America/New_York	2006-08-15
5133640	Rego Park	Rego Park	Rigo-Park,lei ge gong yuan,rygw park,rygw park  kwyynz,Риго-Парк,ریگو پارک,ریگو پارک، کوئینز,レゴ・パーク地区,雷哥公園	40.72649	-73.85264	P	PPL	US		NY	081			43925	28	34	America/New_York	2017-04-16
5133747	Rhinelander Gardens (historical)	Rhinelander Gardens (historical)		40.73538	-73.99903	P	PPLX	US		NY	061			0	7	13	America/New_York	2009-03-09
5133803	Richmond	Richmond	Coccles Town,Cuckold's Town,Richmond,Richmond Town,Ричмонд	40.57399	-74.13042	P	PPLX	US		NY	085			0	17	22	America/New_York	2010-01-29
5133814	Richmond Valley	Richmond Valley		40.52011	-74.22931	P	PPL	US		NY	085			0	7	6	America/New_York	2006-01-15
5133825	Richmond Hill	Richmond Hill		40.69983	-73.83125	P	PPL	US		NY	081			98984	18	20	America/New_York	2017-04-16
5133858	Ridgewood	Ridgewood	Evergreen,Ridgewood,رج وڈ، کوئینز	40.7001	-73.90569	P	PPLX	US		NY	081			0	23	22	America/New_York	2009-11-17
5133917	Riverdale	Riverdale	Riverdale,Riverdale-On-Hudson	40.90056	-73.90639	P	PPL	US		NY	005			9174	55	68	America/New_York	2017-04-16
5134170	Rockaway Park	Rockaway Park		40.58011	-73.83625	P	PPL	US		NY	081			0	2	5	America/New_York	2006-01-15
5134172	Rockaway Point	Rockaway Point		40.56066	-73.91514	P	PPL	US		NY	081			4096	2	3	America/New_York	2017-04-16
5134383	Rose Hill	Rose Hill		40.7426	-73.98375	P	PPLX	US		NY	061			0	11	51	America/New_York	2007-02-14
5134391	Rosebank	Rosebank		40.61399	-74.06625	P	PPL	US		NY	085			4152	13	13	America/New_York	2017-04-16
5134395	Rosedale	Rosedale	Foster's Meadow,Rosedale	40.66205	-73.73541	P	PPL	US		NY	081			25812	5	5	America/New_York	2017-04-16
5134449	Rossville	Rossville	Blazing Star,Rossville	40.55566	-74.21348	P	PPL	US		NY	085			18792	4	4	America/New_York	2017-04-16
5134575	Roxbury	Roxbury		40.56649	-73.89069	P	PPL	US		NY	081			0	2	3	America/New_York	2006-01-15
5134861	Saint Albans	Saint Albans		40.69844	-73.76069	P	PPL	US		NY	081			0	15	16	America/New_York	2006-01-15
5135152	Saint George	Saint George		40.64455	-74.08014	P	PPL	US		NY	085			0	34	39	America/New_York	2006-01-15
5135584	Saint Mary's Park Houses	Saint Mary's Park Houses		40.81482	-73.90958	P	PPLX	US		NY	005			0	13	21	America/New_York	2007-02-14
5136174	San Juan Hill	San Juan Hill		40.76732	-73.98431	P	PPLW	US		NY	061			0	24	46	America/New_York	2009-08-05
5137499	Seagate	Seagate		40.57594	-74.00931	P	PPL	US		NY	047			0	4	6	America/New_York	2006-01-15
5137529	Seaside	Seaside		40.58316	-73.82819	P	PPL	US		NY	081			12754	3	7	America/New_York	2017-04-16
5137849	Sheepshead Bay	Sheepshead Bay		40.59122	-73.94458	P	PPL	US		NY	047			122534	3	4	America/New_York	2017-04-16
5138691	SoHo	SoHo	Hell's Hundred Acres,SoHo,SoKho,Socho,Sokho,niu yue su hao qu,soho,swhw,Σόχο,СоХо,Сохо,סאהא,סוהו,سوهو,სოჰო,ソーホー,紐約蘇豪區,소호	40.72241	-73.99961	P	PPLX	US		NY	061			0	9	21	America/New_York	2012-10-24
5138744	South Beach	South Beach	Oude Dorp,South Beach	40.58329	-74.07609	P	PPL	US		NY	085			8029	2	1	America/New_York	2017-04-22
5138806	South Brooklyn	South Brooklyn		40.68399	-73.99542	P	PPLX	US		NY	047			0	14	16	America/New_York	2006-08-15
5138950	South Ozone Park	South Ozone Park		40.6701	-73.81902	P	PPL	US		NY	081			0	8	9	America/New_York	2006-01-15
5139287	Springfield Gardens	Springfield Gardens	Springfield,Springfield Gardens	40.66312	-73.76221	P	PPL	US		NY	081			30515	9	7	America/New_York	2017-04-21
5139356	Spuyten Duyvil	Spuyten Duyvil		40.88121	-73.91736	P	PPL	US		NY	005			10971	59	64	America/New_York	2017-04-16
5139465	Stapleton	Stapleton		40.62649	-74.07764	P	PPL	US		NY	085			5365	3	6	America/New_York	2017-04-16
5139568	Staten Island	Staten Island	Borough of Staten Island,Staten Island	40.56233	-74.13986	P	PPLA2	US		NY	085			468730	21	23	America/New_York	2012-07-10
5139614	Steinway	Steinway	Ditmars,Steinway	40.77455	-73.90375	P	PPL	US		NY	081			1648	12	15	America/New_York	2017-04-16
5140221	Sunnyside	Sunnyside		40.73982	-73.93542	P	PPL	US		NY	081			49833	5	6	America/New_York	2017-04-16
5140222	Sunnyside	Sunnyside		40.61622	-74.10375	P	PPL	US		NY	085			0	45	49	America/New_York	2006-01-15
5140675	Terrace Heights	Terrace Heights		40.72149	-73.7693	P	PPL	US		NY	081			15421	50	52	America/New_York	2017-04-16
5140945	Throgs Neck	Throgs Neck	Throg's Neck,Throgs Neck	40.8226	-73.81958	P	PPL	US		NY	005			33683	6	10	America/New_York	2017-04-16
5141165	Tompkinsville	Tompkinsville	Tompkinsville,Watering Place	40.63649	-74.08542	P	PPL	US		NY	085			8343	34	37	America/New_York	2017-04-16
5141236	Tottenville	Tottenville	Arensville,Bentley,Bentley Dock,Manor of Bentley,Mount Hermon,The Neck,Totten's Landing,Tottenville,Unionville	40.50858	-74.23724	P	PPL	US		NY	085			0	16	17	America/New_York	2015-06-07
5141320	Travis	Travis	Deckertown,Jersey Wharf,Linoleumville,Long Neck,New Blazing Star,Travis,Travisville	40.59316	-74.18792	P	PPL	US		NY	085			0	10	9	America/New_York	2006-01-15
5141342	Tremont	Tremont	Adamsville,Mount Hope,South Fordham,Tremont,Upper Morrisania	40.84954	-73.90569	P	PPL	US		NY	005			22870	31	35	America/New_York	2017-04-16
5141365	Tribeca	Tribeca	Lower West Side,TriBeCa,Tribeca	40.71538	-74.00931	P	PPLX	US		NY	061			0	6	21	America/New_York	2009-08-12
5141930	Unionport	Unionport	Union Port,Unionport	40.82732	-73.85013	P	PPL	US		NY	005			23895	11	12	America/New_York	2017-04-16
5141963	University Heights	University Heights	Fordham Heights,University Heights	40.8601	-73.9093	P	PPL	US		NY	005			27935	52	54	America/New_York	2017-04-16
5142036	Upper West Side	Upper West Side	Aukstutinis Vestsaidas,Aukštutinis Vestsaidas,Verkhnij Vest-Sajd,eopeoweseuteusaideu,shang xi cheng,xap pexr west sid,Верхний Вест-Сайд,אפער וועסט סייד,אפר וסט סייד,อัปเปอร์เวสต์ไซด์,ზემო ვესტ-საიდი,アッパー・ウエスト・サイド,上西城,어퍼웨스트사이드	40.78705	-73.97542	P	PPLX	US		NY	061			0	27	32	America/New_York	2014-01-24
5142078	Utopia	Utopia		40.72732	-73.78652	P	PPL	US		NY	081			0	20	19	America/New_York	2006-01-15
5142182	Van Nest	Van Nest		40.84843	-73.86375	P	PPL	US		NY	005			23700	14	15	America/New_York	2017-04-16
5143056	Wakefield	Wakefield		40.89788	-73.85236	P	PPL	US		NY	005			52201	45	52	America/New_York	2017-04-16
5143307	Washington Heights	Washington Heights	Harlem Heights,Pen-a-bick,Washington Heights,washintonhaitsu,wosingteonhaicheu,ワシントンハイツ,워싱턴하이츠	40.8501	-73.93541	P	PPL	US		NY	061			152613	54	61	America/New_York	2017-04-16
5143434	Wave Crest	Wave Crest		40.59955	-73.76374	P	PPL	US		NY	081			0	3	6	America/New_York	2006-01-15
5143795	West Farms	West Farms		40.83982	-73.87764	P	PPL	US		NY	005			772	5	9	America/New_York	2017-04-16
5143939	West New Brighton	West New Brighton	Factoryville,North Shore,West Brighton,West New Brighton	40.63455	-74.11209	P	PPL	US		NY	085			0	23	30	America/New_York	2006-01-15
5144045	Westchester	Westchester	Oostorp,Westchester	40.84722	-73.85528	P	PPL	US		NY	005			0	20	22	America/New_York	2006-01-15
5144070	Westerleigh	Westerleigh		40.62121	-74.13181	P	PPL	US		NY	085			8927	19	21	America/New_York	2017-04-16
5144400	Whitestone	Whitestone	Clintonville,Cookie Hill,Whitestone	40.79455	-73.81847	P	PPL	US		NY	081			36984	15	18	America/New_York	2017-04-16
5144567	Williams Bridge	Williams Bridge	Williams Bridge,Williamsbridge	40.87732	-73.86625	P	PPL	US		NY	005			0	31	35	America/New_York	2006-01-15
5144580	Williamsburg	Williamsburg	Williamsburg,Williamsburgh	40.71427	-73.95347	P	PPLX	US		NY	047			0	4	7	America/New_York	2006-08-15
5144658	Willowbrook	Willowbrook	Brook Willow,Willowbrook	40.60316	-74.13848	P	PPL	US		NY	085			2930	42	46	America/New_York	2017-04-16
5144975	Woodhaven	Woodhaven	Woodhaven,Woodville,وڈ ہیون، کوئینز	40.68927	-73.85791	P	PPL	US		NY	081			36555	13	13	America/New_York	2017-04-16
5145005	Woodlawn	Woodlawn	Wakefield,Washingtonville,Woodlawn	40.89816	-73.86736	P	PPL	US		NY	005			7317	43	47	America/New_York	2017-04-16
5145034	Woodrow	Woodrow	Bogardus Corners,Wood Row,Woodrow	40.54344	-74.19764	P	PPL	US		NY	085			21005	40	40	America/New_York	2017-04-16
5145067	Woodside	Woodside		40.74538	-73.90541	P	PPL	US		NY	081			41981	18	20	America/New_York	2017-04-16
6331904	West Brighton	West Brighton		40.5775	-73.9725	P	PPL	US		NY	047			0	2	33	America/New_York	2010-02-20
6331907	Richmond Terrace Houses	Richmond Terrace Houses		40.64611	-74.0875	P	PPL	US		NY	085			0	14	18	America/New_York	2010-02-20
6332023	Jonathan Williams Houses	Jonathan Williams Houses		40.70778	-73.96	P	PPL	US		NY	047			0	14	21	America/New_York	2010-02-20
6332024	Bushwick Houses	Bushwick Houses		40.7025	-73.93917	P	PPL	US		NY	047			0	8	11	America/New_York	2010-02-20
6332025	Marcy Houses	Marcy Houses		40.69722	-73.95139	P	PPL	US		NY	047			0	6	10	America/New_York	2010-02-20
6332026	Tompkins Houses	Tompkins Houses		40.69694	-73.94528	P	PPL	US		NY	047			0	11	16	America/New_York	2010-02-20
6332027	Sumner Houses	Sumner Houses		40.69722	-73.94111	P	PPL	US		NY	047			0	18	18	America/New_York	2010-02-20
6332028	Eleanor Roosevelt Houses	Eleanor Roosevelt Houses		40.69389	-73.93583	P	PPL	US		NY	047			0	20	25	America/New_York	2010-02-20
6332029	Lafayette Houses	Lafayette Houses		40.68972	-73.95889	P	PPLX	US		NY	047			0	22	25	America/New_York	2010-07-31
6332030	Medgar Evers Houses	Medgar Evers Houses		40.68667	-73.94028	P	PPL	US		NY	047			0	19	21	America/New_York	2010-02-20
6332031	Brevoort Houses	Brevoort Houses		40.68028	-73.92389	P	PPL	US		NY	047			0	16	20	America/New_York	2010-02-20
6332144	Marlboro Houses	Marlboro Houses		40.59167	-73.97972	P	PPL	US		NY	047			0	4	11	America/New_York	2010-02-20
6332163	Harsenville (historical)	Harsenville (historical)		40.77972	-73.98056	P	PPLX	US		NY	061			0	24	38	America/New_York	2010-07-31
6332416	Tudor City	Tudor City		40.74861	-73.97139	P	PPL	US		NY	061			0	18	14	America/New_York	2007-02-16
6332418	Phipps Houses	Phipps Houses		40.77361	-73.98833	P	PPLX	US		NY	061			0	13	26	America/New_York	2009-05-20
6332419	Park West Village	Park West Village		40.79389	-73.965	P	PPLX	US		NY	061			0	27	34	America/New_York	2009-03-09
6332420	Yorkville	Yorkville		40.77889	-73.95417	P	PPL	US		NY	061			0	24	40	America/New_York	2007-02-16
6332421	Stanley Isaacs Houses	Stanley Isaacs Houses		40.78139	-73.945	P	PPLX	US		NY	061			0	2	15	America/New_York	2009-07-13
6332422	Morningside Heights	Morningside Heights		40.81	-73.9625	P	PPLX	US		NY	061			0	37	49	America/New_York	2009-06-22
6332423	Manhattanville	Manhattanville		40.81694	-73.95583	P	PPL	US		NY	061			0	14	20	America/New_York	2007-02-16
6332424	Hamilton Heights	Hamilton Heights		40.82444	-73.95	P	PPL	US		NY	061			0	36	45	America/New_York	2007-02-16
6332426	Riverbend Houses	Riverbend Houses		40.81583	-73.935	P	PPLX	US		NY	061			0	2	10	America/New_York	2009-07-13
6332427	Lionel Hampton Houses	Lionel Hampton Houses		40.81389	-73.94806	P	PPLX	US		NY	061			0	9	13	America/New_York	2009-05-18
6332428	East Harlem	East Harlem	East Harlem,Harlem del Este,Otterspoor,Spanish Harlem,Vostochnyj Garlem,dong ha lai mu,iseuteuhallem,Восточный Гарлем,מזרח הארלם,スパニッシュ・ハーレム,东哈莱姆,이스트할렘	40.79472	-73.9425	P	PPL	US		NY	061			0	5	6	America/New_York	2007-02-16
6332429	Franklin Houses	Franklin Houses		40.79139	-73.94194	P	PPLX	US		NY	061			0	6	7	America/New_York	2009-07-13
6332430	James Weldon Johnson Houses	James Weldon Johnson Houses		40.79694	-73.94278	P	PPL	US		NY	061			0	6	12	America/New_York	2007-02-16
6332431	Taino Towers	Taino Towers		40.80083	-73.93361	P	PPL	US		NY	061			0	3	13	America/New_York	2007-02-16
6332449	Wyckoff Gardens	Wyckoff Gardens		40.6825	-73.98389	P	PPL	US		NY	047			0	6	15	America/New_York	2007-02-16
6332450	Atlantic Terminal Houses	Atlantic Terminal Houses		40.6825	-73.97056	P	PPL	US		NY	047			0	19	27	America/New_York	2007-02-16
6332451	Clinton Hill	Clinton Hill		40.68972	-73.96528	P	PPLX	US		NY	047			0	24	31	America/New_York	2008-07-05
6332456	Williamsburg Houses	Williamsburg Houses		40.71	-73.94361	P	PPL	US		NY	047			0	12	12	America/New_York	2007-02-16
6332457	Bay View Houses	Bay View Houses		40.63361	-73.88611	P	PPL	US		NY	047			0	5	8	America/New_York	2007-02-16
6332461	Rutland Plaza	Rutland Plaza		40.66333	-73.92806	P	PPL	US		NY	047			0	13	16	America/New_York	2007-02-16
6332462	Marcus Garvey Village	Marcus Garvey Village		40.66306	-73.91111	P	PPL	US		NY	047			0	10	11	America/New_York	2007-02-16
6332476	Washington Square Village	Washington Square Village		40.72806	-73.99778	P	PPLX	US		NY	061			0	10	28	America/New_York	2009-03-09
6332477	University Village	University Village		40.72694	-73.99889	P	PPLX	US		NY	061			0	8	10	America/New_York	2009-03-09
6332479	West Village	West Village	Vest-Villidzh,weseuteubilliji,xi cun,Вест-Виллидж,וועסט וויליזש,ვესტ ვილიჯი,西村,웨스트빌리지	40.73361	-74.00917	P	PPLX	US		NY	061			0	3	11	America/New_York	2012-12-30
6332482	Stuyvesant Town	Stuyvesant Town		40.73167	-73.97833	P	PPLX	US		NY	061			0	3	12	America/New_York	2009-07-13
6332483	Peter Cooper Village	Peter Cooper Village		40.73472	-73.9775	P	PPL	US		NY	061			0	3	11	America/New_York	2007-02-16
6332484	Sunnyside Gardens	Sunnyside Gardens		40.74778	-73.91833	P	PPL	US		NY	081			0	18	23	America/New_York	2007-02-16
6332485	Queensbridge Houses	Queensbridge Houses		40.75528	-73.945	P	PPL	US		NY	081			0	4	7	America/New_York	2007-02-16
6332486	Walden Terrace	Walden Terrace		40.73083	-73.85778	P	PPL	US		NY	081			0	13	21	America/New_York	2007-02-16
6332487	Old Germania Heights	Old Germania Heights		40.70806	-73.91417	P	PPL	US		NY	081			0	27	29	America/New_York	2007-02-16
6332488	Forest Hills Gardens	Forest Hills Gardens		40.71472	-73.84028	P	PPL	US		NY	081			0	25	27	America/New_York	2007-02-16
6332489	Roy Reuther Houses	Roy Reuther Houses		40.59556	-73.74222	P	PPL	US		NY	081			0	1	2	America/New_York	2007-02-16
6332491	Bayswater	Bayswater		40.61028	-73.76722	P	PPL	US		NY	081			0	3	3	America/New_York	2007-02-16
6332492	Blissville	Blissville		40.73472	-73.93778	P	PPL	US		NY	081			0	6	7	America/New_York	2007-02-16
6332493	Cedar Manor Houses	Cedar Manor Houses		40.685	-73.78472	P	PPL	US		NY	081			0	6	11	America/New_York	2007-02-16
6332494	Edgemere Houses	Edgemere Houses		40.59639	-73.78472	P	PPL	US		NY	081			0	3	3	America/New_York	2007-02-16
6332495	Hammel Houses	Hammel Houses	Hammel Houses,Hammels Houses	40.58889	-73.80917	P	PPL	US		NY	081			0	2	5	America/New_York	2007-02-16
6332496	Linden Hill	Linden Hill		40.77444	-73.82306	P	PPL	US		NY	081			0	14	15	America/New_York	2007-02-16
6332497	Murray Hill	Murray Hill		40.76	-73.81306	P	PPL	US		NY	081			0	25	27	America/New_York	2007-02-16
6332498	Ravenswood Houses	Ravenswood Houses		40.76056	-73.93611	P	PPL	US		NY	081			0	6	6	America/New_York	2007-02-16
6332499	Rochdale Village	Rochdale Village		40.67639	-73.77389	P	PPL	US		NY	081			0	6	12	America/New_York	2007-02-16
6332500	Somerville	Somerville		40.59556	-73.7975	P	PPL	US		NY	081			0	1	1	America/New_York	2007-02-16
6332501	Woodside Houses	Woodside Houses		40.75611	-73.90972	P	PPL	US		NY	081			0	14	17	America/New_York	2007-02-16
6332502	Hester - Allen Turnkey Housing	Hester - Allen Turnkey Housing		40.71639	-73.99278	P	PPLX	US		NY	061			0	12	20	America/New_York	2009-06-22
6332504	East River Houses	East River Houses	Corlear's Hook Houses,East River Houses	40.71333	-73.97917	P	PPL	US		NY	061			0	5	19	America/New_York	2007-02-16
6332505	Hillman Housing	Hillman Housing		40.71444	-73.98111	P	PPL	US		NY	061			0	9	19	America/New_York	2007-02-16
6332506	Amalgamated Dwellings	Amalgamated Dwellings		40.715	-73.98278	P	PPLX	US		NY	061			0	9	14	America/New_York	2007-05-26
6332510	Breukelen Houses	Breukelen Houses		40.65056	-73.89417	P	PPL	US		NY	047			0	3	4	America/New_York	2007-02-16
6332511	Red Hook Houses	Red Hook Houses		40.67528	-74.00472	P	PPL	US		NY	047			0	4	5	America/New_York	2007-02-16
6332515	Vinegar Hill	Vinegar Hill		40.70306	-73.98472	P	PPL	US		NY	047			0	9	16	America/New_York	2015-07-09
6332516	Cobble Hill	Cobble Hill	Cobble Hill,Cobles Hill,Ponkiesbergh,Punkiesberg	40.6875	-73.99806	P	PPL	US		NY	047			0	7	8	America/New_York	2007-02-16
6332547	Colonial Park Houses	Colonial Park Houses		40.83361	-73.93639	P	PPL	US		NY	061			0	4	17	America/New_York	2007-02-16
6332548	Delano Village	Delano Village		40.81667	-73.93722	P	PPLX	US		NY	061			0	4	14	America/New_York	2009-07-13
6332549	Dyckman Houses	Dyckman Houses		40.86139	-73.92278	P	PPLX	US		NY	061			0	4	11	America/New_York	2009-07-13
6332550	Esplanade Gardens	Esplanade Gardens		40.82278	-73.93639	P	PPL	US		NY	061			0	3	19	America/New_York	2007-02-16
6332551	Hamilton Houses	Hamilton Houses		40.82111	-73.94278	P	PPLX	US		NY	061			0	8	15	America/New_York	2009-05-20
6332552	Harlem River Houses	Harlem River Houses		40.82639	-73.93694	P	PPL	US		NY	061			0	6	9	America/New_York	2007-02-16
6332553	Polo Grounds Houses	Polo Grounds Houses		40.83083	-73.93806	P	PPL	US		NY	061			0	5	29	America/New_York	2007-02-16
6332554	Hamilton Park	Hamilton Park		40.64167	-74.09	P	PPL	US		NY	085			0	56	64	America/New_York	2007-02-16
6332555	Edwin Markham Gardens	Edwin Markham Gardens		40.63944	-74.11667	P	PPL	US		NY	085			0	6	2	America/New_York	2007-02-16
6332556	Bay Terrace	Bay Terrace		40.55528	-74.13417	P	PPL	US		NY	085			0	14	15	America/New_York	2007-02-16
6332557	Heartland Village	Heartland Village		40.58833	-74.15778	P	PPL	US		NY	085			0	21	26	America/New_York	2007-02-16
6332558	Seaside	Seaside		40.53528	-74.17889	P	PPL	US		NY	085			0	24	26	America/New_York	2007-02-16
6332559	Woods of Arden	Woods of Arden		40.54139	-74.1625	P	PPL	US		NY	085			0	19	21	America/New_York	2007-02-16
6332597	Spencer Estates	Spencer Estates		40.84528	-73.82111	P	PPL	US		NY	005			0	3	5	America/New_York	2007-02-16
6332598	Throgs Neck Houses	Throgs Neck Houses		40.82194	-73.82389	P	PPL	US		NY	005			0	6	7	America/New_York	2007-02-16
6332602	Borgia Butler Houses	Borgia Butler Houses		40.83583	-73.90694	P	PPLX	US		NY	005			0	9	13	America/New_York	2009-07-13
6332603	Daniel Webster Houses	Daniel Webster Houses		40.83278	-73.90861	P	PPLX	US		NY	005			0	13	16	America/New_York	2009-07-13
6332635	Seneca Village (historical)	Seneca Village (historical)		40.78111	-73.96333	P	PPLX	US		NY	061			0	28	36	America/New_York	2009-03-09
6332637	Fordham Hill	Fordham Hill		40.86472	-73.90806	P	PPLX	US		NY	005			0	38	45	America/New_York	2009-07-13
6332638	Bronx River Houses	Bronx River Houses		40.835	-73.87694	P	PPL	US		NY	005			0	9	16	America/New_York	2007-02-16
6332639	Rosedale Houses	Rosedale Houses		40.82417	-73.86583	P	PPL	US		NY	005			0	6	12	America/New_York	2007-02-16
6332640	Sack Wern Houses	Sack Wern Houses		40.81944	-73.86806	P	PPLX	US		NY	005			0	9	9	America/New_York	2009-07-13
6332641	Eastchester Houses	Eastchester Houses		40.87028	-73.8525	P	PPL	US		NY	005			0	23	28	America/New_York	2007-02-16
6332642	Gun Hill Houses	Gun Hill Houses		40.87583	-73.86583	P	PPL	US		NY	005			0	32	41	America/New_York	2007-02-16
6332645	Baychester Houses	Baychester Houses		40.88361	-73.84389	P	PPL	US		NY	005			0	39	44	America/New_York	2007-02-16
6332655	Bronxdale Houses	Bronxdale Houses		40.82639	-73.86667	P	PPL	US		NY	005			0	5	9	America/New_York	2007-02-16
6332656	Castle Hill Houses	Castle Hill Houses		40.81861	-73.84972	P	PPL	US		NY	005			0	9	13	America/New_York	2007-02-16
6332657	Clason Point Gardens Houses	Clason Point Gardens Houses		40.82167	-73.86944	P	PPLX	US		NY	005			0	6	8	America/New_York	2009-07-13
6332658	Country Club	Country Club		40.83917	-73.81972	P	PPL	US		NY	005			0	7	11	America/New_York	2007-02-16
6332659	Co-Op City	Co-Op City		40.87389	-73.82944	P	PPL	US		NY	005			0	4	18	America/New_York	2007-02-16
6332660	Eastchester Bay	Eastchester Bay		40.8325	-73.81917	P	PPL	US		NY	005			0	7	9	America/New_York	2007-02-16
6332661	Edenwald Houses	Edenwald Houses		40.885	-73.84639	P	PPL	US		NY	005			0	41	45	America/New_York	2007-02-16
6332662	James Monroe Houses	James Monroe Houses		40.82222	-73.86528	P	PPL	US		NY	005			0	7	13	America/New_York	2007-02-16
6332663	Jamie Towers	Jamie Towers		40.81917	-73.85306	P	PPL	US		NY	005			0	4	13	America/New_York	2007-02-16
6332664	Lafayette Morrison Houses	Lafayette Morrison Houses		40.82111	-73.87472	P	PPL	US		NY	005			0	5	9	America/New_York	2007-02-16
6332665	Middletown	Middletown		40.83972	-73.83167	P	PPL	US		NY	005			0	8	10	America/New_York	2007-02-16
6332666	Parkside Houses	Parkside Houses		40.86889	-73.86861	P	PPL	US		NY	005			0	40	48	America/New_York	2007-02-16
6332667	Pelham Bay	Pelham Bay		40.85056	-73.83333	P	PPL	US		NY	005			0	8	10	America/New_York	2007-02-16
6332668	Pelham Parkway Houses	Pelham Parkway Houses		40.86194	-73.86	P	PPLX	US		NY	005			0	35	38	America/New_York	2009-07-13
6332669	Schuylerville	Schuylerville		40.83437	-73.83274	P	PPL	US		NY	005			0	15	12	America/New_York	2017-04-26
6332670	Silver Beach	Silver Beach		40.81167	-73.80639	P	PPL	US		NY	005			0	7	9	America/New_York	2007-02-16
6332671	Sound View Houses	Sound View Houses		40.81639	-73.86778	P	PPL	US		NY	005			0	6	9	America/New_York	2007-02-16
6332672	Soundview Park Homes	Soundview Park Homes		40.82056	-73.87833	P	PPL	US		NY	005			0	5	7	America/New_York	2007-02-16
6332681	Belmont	Belmont		40.85528	-73.88639	P	PPLX	US		NY	005			0	26	29	America/New_York	2009-07-13
6332682	Fieldston	Fieldston	Delafield Woods,Fieldston	40.89444	-73.90333	P	PPL	US		NY	005			0	65	71	America/New_York	2007-02-16
6332683	Eastchester Heights	Eastchester Heights	Eastchester Heights,Hillside Homes	40.87722	-73.84917	P	PPL	US		NY	005			0	42	52	America/New_York	2007-02-16
6332684	Gouverneur Morris Houses	Gouverneur Morris Houses		40.83417	-73.90528	P	PPLX	US		NY	005			0	12	24	America/New_York	2009-07-13
6332685	Highbridge Houses	Highbridge Houses		40.83722	-73.92917	P	PPLX	US		NY	005			0	31	36	America/New_York	2009-07-13
6332686	Concourse Village	Concourse Village		40.82361	-73.92111	P	PPLX	US		NY	005			0	5	18	America/New_York	2009-07-13
6332687	Forest Houses	Forest Houses		40.825	-73.90361	P	PPLX	US		NY	005			0	22	28	America/New_York	2009-07-13
6332688	Jackson Houses	Jackson Houses		40.8225	-73.91833	P	PPLX	US		NY	005			0	12	24	America/New_York	2009-07-13
6332689	William McKinley Houses	William McKinley Houses		40.82194	-73.90417	P	PPLX	US		NY	005			0	19	25	America/New_York	2009-07-13
6332690	Lambert Houses	Lambert Houses		40.84278	-73.87889	P	PPL	US		NY	005			0	12	18	America/New_York	2007-02-16
6332691	Sedgwick Houses	Sedgwick Houses		40.84639	-73.9225	P	PPLX	US		NY	005			0	48	45	America/New_York	2009-07-13
6543957	Riverside Apt	Riverside Apt		40.75814	-73.95385	P		US		NY	061			0		-4	America/New_York	2007-05-21
6640032	Briarwood	Briarwood		40.70935	-73.81529	P	PPL	US		NY	081			0		30	America/New_York	2017-04-21
6690901	Roosevelt Island	Roosevelt Island	Roosevelt Island	40.76403	-73.9482	P	PPL	US		NY	061			0		10	America/New_York	2009-04-17
6696479	Prospect Heights	Prospect Heights		40.67751	-73.96769	P	PPLX	US		NY	047			0		37	America/New_York	2015-10-14
6930378	Times Square	Times Square		40.75636	-73.98644	P	PPLX	US		NY	061			0		25	America/New_York	2009-02-06
6930480	Midtown Manhattan	Midtown Manhattan		40.75909	-73.97669	P	PPLX	US		NY	061			0		33	America/New_York	2015-05-02
6930486	Wall Street	Wall Street		40.70579	-74.00988	P	PPLX	US		NY	061			0		4	America/New_York	2009-02-09
6944378	Diamond District	Diamond District		40.7566	-73.9786	P	PPLX	US		NY	061			0		26	America/New_York	2014-02-03
7177188	Surrey Estates	Surrey Estates		40.73444	-73.74806	P	PPL	US		NY	081			0	54	62	America/New_York	2010-02-03
7177511	Mount Morris Park Historic District	Mount Morris Park Historic District		40.80472	-73.94667	P	PPL	US		NY	061			0	7	13	America/New_York	2014-02-18
7184841	Gramercy Park	Gramercy Park	Gramercy Park,Krom Moerasje	40.7375	-73.98611	P	PPLX	US		NY	061			0	10	22	America/New_York	2017-04-16
7184842	Keshaechquereren (historical)	Keshaechquereren (historical)	Keshaechquereren (historical),Keskachane,Keskaechquerem	40.62278	-73.93722	P	PPLQ	US		NY	047			0	5	9	America/New_York	2011-12-12
7184843	Konaande Kongh (historical)	Konaande Kongh (historical)		40.7884	-73.9512	P	PPLQ	US		NY	061			0	21	22	America/New_York	2011-12-12
7184846	Gracie Square	Gracie Square		40.7754	-73.9462	P	PPL	US		NY	061			0	11	31	America/New_York	2010-02-05
7187708	Spring Creek Towers	Spring Creek Towers	Spring Creek Towers,Starrett City	40.64833	-73.88028	P	PPL	US		NY	047			0	6	13	America/New_York	2010-02-05
7187712	Ebbets Field Houses	Ebbets Field Houses		40.665	-73.95806	P	PPL	US		NY	047			0	26	47	America/New_York	2010-02-05
7250691	Kew Gardens Hills	Kew Gardens Hills	Kew Garden Hills,Kew Gardens Hills	40.73002	-73.8234	P	PPL	US		NY	081			0	24	24	America/New_York	2010-02-07
7250810	Le Petit Senegal	Le Petit Senegal		40.80444	-73.95528	P	PPL	US		NY	061			0	12	17	America/New_York	2010-02-07
7250946	Carnegie Hill	Carnegie Hill		40.78333	-73.95472	P	PPL	US		NY	061			0	30	52	America/New_York	2010-02-07
7250947	Sugar Hill	Sugar Hill		40.8275	-73.94333	P	PPL	US		NY	061			0	33	37	America/New_York	2010-02-07
7255437	Carmansville (historical)	Carmansville (historical)		40.83	-73.94944	P	PPLQ	US		NY	061			0	28	42	America/New_York	2011-12-12
7255507	Charlotteville (historical)	Charlotteville (historical)		40.75583	-73.90333	P	PPLQ	US		NY	081			0	17	16	America/New_York	2011-12-12
7306642	Columbusville (historical)	Columbusville (historical)		40.725	-73.89361	P	PPLQ	US		NY	081			0	30	34	America/New_York	2011-12-12
7307345	Dodgewood	Dodgewood		40.89361	-73.91333	P	PPL	US		NY	005			0	55	55	America/New_York	2010-08-06
7310137	Garden Bay Manor	Garden Bay Manor		40.7695	-73.8927	P	PPL	US		NY	081			0	15	19	America/New_York	2010-08-06
7310138	Gashouse District	Gashouse District		40.7354	-73.981	P	PPL	US		NY	061			0	6	14	America/New_York	2010-08-06
7310139	Georgetown	Georgetown	Georgetown,Georgetowne Greens	40.624	-73.9135	P	PPL	US		NY	047			0	7	5	America/New_York	2010-08-06
7626249	Stuyvesant Heights	Stuyvesant Heights		40.68266	-73.93402	P	PPL	US		NY	047			0		20	America/New_York	2010-12-06
7932601	Midtown East	Midtown East		40.7509	-73.96442	P	PPL	US		NY	061			0		5	America/New_York	2011-08-25
8410791	Koreatown	Koreatown		40.75061	-73.98768	P	PPLX	US		NY	061			0		36	America/New_York	2012-10-24
8410792	NoHo	NoHo	Nokho,noho,nwhw,Нохо,נוהו,ノーホー,노호	40.72726	-73.99374	P	PPLX	US		NY	061			0		21	America/New_York	2012-10-24
8410793	Dumbo	Dumbo		40.70257	-73.99045	P	PPLX	US		NY	047			0		13	America/New_York	2015-07-09
8436464	Bowery	Bowery		40.72521	-73.9904	P	PPLX	US		NY	061			0		18	America/New_York	2012-12-30
8436467	Fort George	Fort George		40.859	-73.93316	P	PPLX	US		NY	061			0		58	America/New_York	2012-12-30
8436468	Sutton Place	Sutton Place		40.75762	-73.96176	P	PPLX	US		NY	061			0		49	America/New_York	2012-12-30
8436469	NoMad	NoMad		40.74409	-73.98776	P	PPLX	US		NY	061			0		39	America/New_York	2012-12-30
8436470	Union Square	Union Square		40.73624	-73.99027	P	PPLX	US		NY	061			0		20	America/New_York	2012-12-30
8436471	Meatpacking District	Meatpacking District		40.74104	-74.00772	P	PPLX	US		NY	061			0		6	America/New_York	2012-12-30
8436472	NoLIta	NoLIta		40.72296	-73.99555	P	PPLX	US		NY	061			0		21	America/New_York	2012-12-30
8436473	Financial District	Financial District		40.70789	-74.00857	P	PPLX	US		NY	061			0		40	America/New_York	2012-12-30
8436474	Two Bridges	Two Bridges		40.7107	-73.99699	P	PPLX	US		NY	061			0		13	America/New_York	2012-12-30
8436475	Civic Center	Civic Center		40.71403	-74.00283	P	PPLX	US		NY	061			0		20	America/New_York	2012-12-30
8436476	Flatiron District	Flatiron District		40.7405	-73.99012	P	PPLX	US		NY	061			0		31	America/New_York	2012-12-30
8436478	Navy Yard	Navy Yard		40.70259	-73.96968	P	PPLX	US		NY	047			0		-3	America/New_York	2012-12-31
8436479	Downtown Brooklyn	Downtown Brooklyn	דאונטאון ברוקלין	40.69371	-73.98596	P	PPLX	US		NY	047			0		20	America/New_York	2012-12-31
8436480	Columbia Street Waterfront District	Columbia Street Waterfront District		40.68729	-74.0022	P	PPLX	US		NY	047			0		3	America/New_York	2012-12-31
8436482	Carroll Gardens	Carroll Gardens		40.67949	-73.99916	P	PPLX	US		NY	047			0		18	America/New_York	2012-12-31
8436483	Boerum Hill	Boerum Hill		40.6848	-73.98447	P	PPLX	US		NY	047			0		13	America/New_York	2012-12-31
8436484	Gowanus	Gowanus		40.67328	-73.99037	P	PPLX	US		NY	047			0		5	America/New_York	2012-12-31
8436485	Greenwood	Greenwood		40.65574	-73.99773	P	PPLX	US		NY	047			0		25	America/New_York	2012-12-31
8436486	Sunset Park	Sunset Park	ri luo gong yuan,日落公园	40.64548	-74.01241	P	PPLX	US		NY	047			0		28	America/New_York	2012-12-31
8436487	Mapleton	Mapleton		40.61868	-73.98013	P	PPLX	US		NY	047			0		11	America/New_York	2012-12-31
8436488	Midwood	Midwood		40.61901	-73.96539	P	PPLX	US		NY	047			0		12	America/New_York	2012-12-31
8436489	Marine Park	Marine Park		40.61196	-73.93309	P	PPLX	US		NY	047			0		5	America/New_York	2012-12-31
8436490	Gerritsen Beach	Gerritsen Beach		40.58694	-73.92279	P	PPLX	US		NY	047			0		1	America/New_York	2012-12-31
8436491	Mill Basin	Mill Basin		40.61008	-73.91109	P	PPLX	US		NY	047			0		5	America/New_York	2012-12-31
8436492	Prospect Lefferts Gardens	Prospect Lefferts Gardens		40.65898	-73.95049	P	PPLX	US		NY	047			0		21	America/New_York	2012-12-31
8436493	Crown Heights	Crown Heights	Kraun-Khajts,qrwyn hyyts,Краун-Хайтс,קראון הייטס,קרוין הייטס	40.66797	-73.9448	P	PPLX	US		NY	047			0		37	America/New_York	2012-12-31
8436513	Windsor Terrace	Windsor Terrace		40.65391	-73.97575	P	PPLX	US		NY	047			0		33	America/New_York	2012-12-31
8449483	Ocean Hill	Ocean Hill		40.67417	-73.91167	P	PPLX	US		NY	047			0		24	America/New_York	2013-01-18
8499113	Warren Street Houses	Warren Street Houses		40.68167	-73.9825	P	PPL	US		NY	047			0	7	13	America/New_York	2013-03-09
8521641	Hudson Square	Hudson Square		40.72657	-74.0077	P	PPLX	US		NY	061			0		20	America/New_York	2013-05-01
9669815	Hollis Hills	Hollis Hills		40.7325	-73.75417	P	PPL	US		NY	081			0	52	57	America/New_York	2014-10-09
9671800	Gowanus Houses	Gowanus Houses		40.68361	-73.98861	P	PPL	US		NY	047			0	4	13	America/New_York	2014-10-09
10172908	Theatre District	Theatre District		40.83398	-73.89486	P	PPLX	US		NY	005			0		24	America/New_York	2015-03-20
11523615	Lindenwood	Lindenwood		40.66479	-73.85302	P	PPLX	US		NY	081			0		4	America/New_York	2017-04-16
11523616	Longwood	Longwood		40.81722	-73.90344	P	PPLX	US		NY	005			0		15	America/New_York	2017-04-16
